method;params;instance;obj_value;time;iterations;solution (!=invalid)
;;;;;;
grasp;2opt_best;10;105;900.00072033;848997;0 1 8 6 2 5 3 4 9 7
grasp;2opt_best;15;271;900.000519382;489704;7 14 6 11 13 4 9 3 0 1 8 10 12 2 5
grasp;2opt_best;20;307;900.000447928;327742;11 2 12 5 4 7 6 19 14 3 9 0 18 1 17 8 10 13 16 15
grasp;2opt_best;25;431;900.00182202;246436;1 9 17 10 22 0 20 6 24 2 14 4 11 12 19 18 21 8 5 7 3 23 16 15 13
grasp;2opt_best;30;554;900.000865014;159185;6 24 27 19 10 8 23 13 3 9 12 22 0 18 16 14 1 5 21 28 15 2 20 7 26 17 29 25 4 11
grasp;2opt_best;40;725;900.008857068;93264;28 12 6 13 17 25 35 1 26 16 27 7 4 5 38 22 15 34 39 10 33 23 20 30 32 2 0 14 11 9 8 36 3 29 21 31 18 37 19 24
grasp;2opt_best;50;1036;900.000499805;69347;40 22 0 35 28 39 1 10 44 18 11 46 17 26 43 29 31 37 38 14 15 24 21 48 8 41 5 32 19 34 27 30 36 7 4 16 23 20 9 42 45 2 3 33 6 49 13 12 47 25
grasp;2opt_best;60;1263;900.01136275;47327;29 50 59 54 32 33 56 17 25 38 24 11 34 12 14 40 8 30 31 22 21 48 9 58 6 36 43 23 28 41 3 19 52 13 0 46 39 20 5 44 16 42 26 10 47 51 1 4 7 15 2 55 53 35 18 37 27 49 57 45
grasp;2opt_best;70;1455;900.024046656;34223;64 53 12 59 42 16 10 45 38 18 14 43 44 63 17 66 8 67 27 57 11 56 6 30 36 3 50 21 7 15 48 58 51 68 26 54 31 33 49 0 19 25 9 37 46 52 69 28 4 2 22 61 62 32 5 40 24 13 55 23 1 20 60 47 65 34 39 29 41 35
grasp;2opt_best;80;1607;900.005629521;28246;49 53 31 24 74 15 33 64 63 55 10 45 14 36 61 44 5 4 22 8 3 7 71 75 43 59 41 27 50 39 57 17 77 38 37 18 56 69 46 78 52 9 23 19 2 28 32 12 26 35 66 48 20 62 16 21 29 42 72 76 25 0 68 70 58 60 51 79 40 54 65 47 1 13 34 67 30 6 11 73
grasp;2opt_best;90;1848;900.031296417;24010;32 74 78 0 65 37 61 39 21 10 76 19 81 45 73 4 82 66 36 48 12 43 64 80 3 31 59 14 71 56 17 62 41 53 42 22 34 57 2 8 58 9 23 25 77 75 33 67 68 83 47 52 60 7 50 63 20 6 13 54 1 44 28 86 30 79 38 88 51 70 72 11 24 29 69 87 35 26 46 49 27 5 84 89 15 40 55 85 16 18
grasp;2opt_best;100;2098;900.013250275;18229;26 16 93 73 79 1 20 38 23 99 15 87 25 97 58 33 47 91 46 63 36 54 65 3 77 11 2 72 10 32 22 78 48 84 40 34 30 9 92 55 81 42 27 96 56 31 29 6 4 70 94 83 89 71 98 37 49 35 0 74 50 17 75 64 61 21 8 24 45 88 53 95 7 59 76 39 90 68 14 69 67 66 57 82 18 85 41 86 60 13 52 62 19 43 28 12 51 80 5 44
grasp;2opt_best;150;3440;900.016806145;8325;134 146 37 81 35 80 115 7 74 34 91 56 46 62 116 108 31 33 18 71 15 88 117 47 25 72 141 48 28 102 44 95 122 132 54 130 149 13 90 121 92 8 137 26 99 135 148 0 133 96 114 67 82 53 5 40 75 27 61 42 9 38 3 77 17 78 107 89 55 83 58 79 73 63 97 85 144 49 142 70 12 23 32 126 123 2 104 84 119 16 143 50 76 131 138 140 124 147 29 4 127 21 98 11 19 45 125 14 129 111 43 136 6 52 51 145 39 10 120 66 109 60 118 112 128 106 68 22 57 20 110 41 100 93 113 65 1 139 59 86 24 103 64 36 94 105 30 69 101 87
grasp;2opt_best;200;4455;900.049964177;4745;170 158 52 76 187 186 45 10 161 166 93 104 18 15 106 173 134 40 7 44 5 112 98 197 12 195 13 123 3 83 140 51 191 125 124 64 84 48 87 35 131 179 127 145 99 137 130 143 19 68 90 46 22 157 0 164 50 193 55 33 82 92 9 42 169 152 77 198 117 153 79 192 41 141 148 66 30 60 122 178 31 116 159 17 175 144 89 101 1 138 71 38 96 54 29 58 190 21 126 180 151 75 70 94 129 181 156 74 113 78 23 73 121 27 56 2 194 100 174 118 139 176 39 147 183 4 62 47 108 32 69 189 177 146 43 150 171 65 119 107 165 114 149 59 102 80 128 85 20 188 25 97 26 86 160 168 136 6 120 8 185 142 81 61 184 135 132 110 91 199 37 115 49 63 111 72 105 88 109 154 24 53 155 163 36 34 182 67 28 14 133 172 16 57 162 167 95 11 196 103
grasp;2opt_best;250;5903;900.003396988;2794;14 94 195 158 193 194 5 140 6 132 153 136 211 53 10 16 126 219 74 55 133 100 231 156 154 77 102 199 232 214 68 191 64 45 30 89 47 25 106 163 244 230 7 78 4 38 35 134 113 81 9 28 200 218 151 56 58 72 48 37 67 164 143 150 225 241 201 145 248 59 173 188 13 210 246 29 227 70 19 166 31 129 161 40 60 209 238 23 49 180 79 186 175 39 159 26 220 167 20 119 131 135 73 69 224 18 207 197 17 183 206 139 1 15 235 107 105 130 189 228 85 144 83 192 202 41 236 115 54 234 50 44 84 11 2 128 171 92 148 65 32 123 109 112 152 196 142 96 138 178 177 71 147 149 118 240 42 82 203 124 99 187 170 245 185 121 90 103 184 93 80 216 111 114 125 66 215 162 43 208 75 223 63 122 165 95 229 247 51 104 12 33 168 91 21 57 172 221 34 61 179 3 88 169 36 205 160 87 174 108 242 233 8 249 155 137 222 243 76 182 237 176 146 22 116 0 198 141 120 27 117 52 190 217 24 97 226 213 204 157 98 62 212 86 101 239 127 110 181 46
grasp;2opt_best;300;7675;900.199557178;1960;198 9 114 68 169 298 36 94 83 21 79 116 11 2 254 224 91 44 245 236 66 219 10 149 299 282 192 103 43 7 187 167 206 135 283 232 121 90 270 146 244 67 275 278 51 182 291 170 235 104 73 23 185 173 106 151 256 212 238 259 8 98 164 102 274 15 210 109 204 207 160 186 45 211 196 80 266 189 190 168 64 233 225 13 213 140 5 152 228 273 82 257 221 285 72 137 223 287 218 200 175 54 0 58 229 92 288 19 1 215 222 297 247 32 181 29 147 295 49 35 84 128 145 281 156 246 89 234 108 85 107 157 38 132 194 70 142 158 243 55 111 18 292 237 280 174 41 153 117 33 113 97 126 86 197 25 110 75 205 252 81 159 46 30 42 272 95 136 199 71 178 279 165 264 161 249 214 208 284 209 39 3 77 240 195 267 31 12 248 265 134 40 101 202 59 139 176 96 271 17 150 262 4 184 154 163 48 216 34 63 28 99 57 255 26 220 118 76 88 289 231 56 87 191 124 53 155 269 251 62 119 241 217 50 193 112 226 78 268 47 227 131 276 253 143 14 171 37 130 115 127 188 123 203 296 120 180 260 166 148 179 294 250 74 93 122 133 290 239 242 20 6 183 100 129 258 263 105 277 16 172 27 201 69 65 22 162 61 261 177 230 60 138 141 125 24 52 286 144 293
grasp;2opt_best;400;89807;900.252905276;1139;90 171 291 8 146 230 46 114 108 124 359 249 169 344 36 352 63 332 308 149 341 53 88 194 369 224 79 264 66 383 3 246 200 364 373 68 69 219 392 58 329 340 228 72 274 187 314 102 145 78 261 282 24 151 173 320 334 292 300 242 38 96 162 77 152 118 258 120 126 357 157 86 62 112 113 355 390 101 167 271 311 396 251 223 353 316 377 180 49 268 94 382 25 33 55 299 154 284 52 188 348 0 192 67 214 20 388 255 393 59 40 122 202 256 362 227 89 179 281 303 286 115 295 239 133 276 350 74 384 198 84 309 322 29 147 324 375 9 310 294 265 222 218 201 127 34 253 143 73 12 238 215 111 231 376 259 32 39 110 374 363 10 225 301 70 11 19 343 190 312 240 285 181 351 100 262 119 275 269 105 229 175 144 366 209 153 57 391 177 386 65 266 106 272 360 50 174 304 85 328 163 318 397 104 109 280 233 203 185 260 335 379 97 26 107 64 91 333 241 395 165 394 250 213 368 182 172 31 2 92 76 307 159 349 358 1 131 81 298 186 41 23 387 204 168 327 18 189 389 71 17 150 237 7 134 245 287 158 142 5 252 95 211 132 372 6 121 170 54 16 317 27 232 193 123 98 117 226 216 48 378 140 283 155 166 371 288 315 137 103 60 156 381 289 135 136 330 370 270 75 302 243 331 267 196 210 338 356 30 195 206 257 199 254 297 197 207 208 234 278 141 290 176 339 325 319 82 279 56 28 43 367 44 47 326 80 346 178 323 128 385 4 15 244 277 99 313 14 130 148 236 306 212 336 347 35 321 273 164 161 217 83 361 13 160 354 296 263 37 305 116 293 399 248 87 191 345 183 21 398 51 22 365 125 139 337 93 129 221 42 235 205 45 247 184 61 138 380 220 342
grasp;2opt_best;500;12365;900.535909199;701;259 407 274 384 458 439 416 92 252 123 459 395 315 402 430 56 6 172 224 489 161 284 115 130 358 306 471 342 204 223 158 237 263 373 435 96 170 429 122 415 163 318 113 71 131 332 363 277 452 417 383 203 345 264 461 43 65 382 108 62 177 227 241 351 492 29 393 186 268 441 228 196 127 462 137 148 66 174 72 496 110 201 374 421 249 367 198 129 0 326 1 82 355 142 187 273 64 68 81 19 390 312 35 456 243 327 260 477 362 275 290 2 381 245 333 193 116 28 348 214 336 490 168 75 386 3 401 94 289 242 171 138 45 188 483 218 234 160 379 469 124 220 208 20 433 176 499 248 488 233 364 468 111 132 285 440 325 463 86 126 16 420 302 272 292 418 89 47 262 4 166 229 380 446 423 74 350 444 175 164 44 466 357 167 303 244 283 100 370 406 405 331 343 190 119 411 366 309 322 448 136 409 135 308 21 328 147 225 449 59 349 470 55 128 485 219 69 73 120 319 7 182 9 279 165 394 150 121 238 482 287 67 102 32 293 481 156 197 207 200 236 40 34 215 305 419 426 434 97 457 334 15 181 443 194 360 206 428 253 105 42 385 330 436 438 493 23 295 257 476 497 195 239 106 152 101 321 398 337 213 291 281 58 286 216 88 324 31 445 480 474 154 472 479 376 231 78 387 403 70 84 251 294 307 5 10 339 25 250 271 396 93 422 169 140 83 144 90 408 98 450 210 53 447 240 12 494 222 118 301 261 335 49 8 14 246 173 486 276 375 209 114 145 232 267 146 87 125 389 134 432 495 36 341 353 226 298 37 107 346 179 280 46 359 424 61 60 33 414 454 297 13 255 368 442 338 99 323 329 51 258 460 311 180 356 221 431 467 162 211 392 157 57 183 412 397 26 320 27 159 22 141 317 473 143 296 30 340 50 41 478 63 372 139 151 254 103 437 18 354 184 104 266 11 404 378 369 347 185 95 344 465 310 38 212 205 484 300 282 85 427 192 400 133 178 453 217 191 235 278 54 425 491 410 109 112 256 391 487 247 52 199 270 352 80 455 91 48 371 117 153 202 76 149 299 451 265 79 464 314 230 377 77 413 155 388 313 361 475 316 17 399 39 304 498 24 269 189 288 365
grasp;2opt_best;600;11584917;900.915363074;506;248 68 400 525 565 233 382 28 416 326 282 299 323 86 126 67 2 40 457 215 82 257 153 541 46 459 50 574 413 551 10 241 195 573 260 331 252 290 403 506 462 191 528 116 31 259 422 179 540 147 349 510 109 433 122 207 355 543 131 277 298 43 96 428 468 365 154 582 204 581 156 254 495 70 114 577 484 253 285 99 226 317 483 140 101 71 30 599 169 442 208 327 493 321 539 145 391 595 107 87 124 276 91 446 491 294 183 342 256 270 146 188 237 175 521 37 445 281 272 216 245 44 90 39 572 412 151 261 329 240 150 225 569 83 88 518 148 452 337 7 496 79 224 535 152 279 203 319 35 49 376 72 366 533 466 547 552 25 300 437 197 310 133 57 475 292 472 19 465 142 158 473 69 92 143 335 423 509 504 314 55 160 287 347 268 223 409 219 81 429 328 85 108 436 443 168 212 563 405 447 119 246 265 526 487 537 305 115 193 451 500 384 417 371 106 278 461 448 490 138 238 202 359 364 449 458 424 93 584 397 586 181 53 12 209 486 503 199 266 307 52 286 303 480 392 176 568 368 275 550 74 372 255 542 5 477 174 546 180 513 75 73 415 598 404 129 587 425 369 502 322 430 396 192 363 229 58 385 32 222 297 564 200 360 597 373 62 479 512 354 562 262 520 309 499 137 358 94 243 102 357 470 555 295 481 236 194 383 419 125 273 239 231 478 517 456 130 345 251 488 47 414 544 454 214 341 234 311 386 427 393 315 545 232 172 439 117 498 123 206 536 269 45 494 112 80 302 120 374 308 3 284 390 296 100 324 352 353 380 566 421 463 187 515 184 362 42 596 476 378 301 389 346 177 553 381 105 29 501 24 523 440 471 288 444 375 460 8 77 127 434 190 593 218 66 489 162 351 59 186 84 164 56 406 161 249 89 348 336 64 135 178 201 244 377 408 583 22 65 519 149 6 16 18 104 330 399 54 492 9 166 228 136 485 173 48 338 121 370 211 21 561 103 570 78 283 508 556 407 469 11 1 221 588 227 431 306 26 398 113 418 529 267 198 304 567 325 291 589 505 76 141 554 578 367 532 579 450 402 220 527 522 548 312 453 482 20 313 155 128 271 474 34 4 63 111 0 15 395 280 235 356 38 157 557 379 27 571 289 61 332 316 333 171 580 167 388 575 51 524 420 196 182 210 17 144 230 592 205 339 139 511 41 134 60 36 163 559 132 411 23 293 432 464 165 594 344 250 531 590 585 426 264 33 318 435 118 534 516 507 576 242 159 394 258 170 13 334 110 530 14 497 514 467 217 441 247 410 387 591 95 438 343 361 558 189 185 320 98 401 340 97 455 350 263 538 560 274 549 213
grasp;2opt_best;700;3482523;900.506167232;370;78 201 451 219 402 54 29 480 495 469 67 649 459 60 681 20 147 45 183 210 211 165 326 632 557 423 592 288 206 403 161 180 63 34 224 388 12 189 134 574 393 340 301 375 544 150 117 175 490 598 186 645 555 647 43 676 256 227 283 300 160 617 135 461 331 621 522 398 505 239 133 453 324 523 99 191 177 302 474 321 627 213 126 389 145 338 121 313 486 462 530 53 500 351 284 118 299 552 312 416 18 222 317 27 615 411 674 686 277 367 496 21 680 355 472 250 473 344 103 113 114 50 237 596 127 98 106 415 143 612 475 641 197 460 691 400 502 664 209 585 514 372 492 620 518 354 655 559 606 445 431 280 578 515 1 608 582 600 591 199 622 360 463 291 599 339 176 677 417 527 168 146 198 525 295 349 57 229 314 426 690 9 597 618 636 235 504 569 491 380 273 396 573 10 79 265 46 610 607 95 319 287 51 308 246 542 643 440 230 215 382 517 673 678 467 293 149 270 87 529 58 449 33 36 563 170 144 309 221 442 276 489 624 253 185 675 590 11 524 49 208 526 601 202 274 116 587 59 508 441 534 40 320 413 488 35 637 696 594 487 579 226 609 407 205 94 259 163 212 244 296 603 446 341 128 85 232 558 19 260 554 468 670 359 481 602 192 203 399 679 334 613 3 455 533 56 6 420 419 77 234 42 699 397 328 424 561 343 315 105 698 88 653 383 311 434 278 381 241 327 452 66 511 132 646 652 365 657 82 119 162 37 513 688 512 267 290 539 541 292 108 532 164 633 562 635 214 342 430 14 350 28 464 482 104 634 84 640 695 142 658 687 549 639 172 325 479 141 422 392 159 279 662 25 258 629 551 638 238 178 158 437 439 425 540 97 310 611 659 536 252 537 223 298 156 281 231 272 39 90 68 111 220 26 83 194 560 76 75 61 249 41 428 306 470 357 689 348 499 421 16 204 169 81 179 93 457 153 528 195 520 92 137 418 65 69 151 139 304 410 414 347 444 384 456 23 247 683 576 531 433 345 30 580 62 297 656 471 294 70 86 626 196 682 667 131 264 200 644 72 519 565 255 476 409 333 454 44 619 404 510 112 286 438 374 567 233 217 120 550 225 684 465 129 48 478 506 173 572 429 22 614 188 628 385 458 630 228 266 378 89 358 52 546 394 337 171 303 497 650 390 38 443 665 181 242 547 332 102 115 663 124 697 577 174 110 182 692 581 642 155 570 271 322 435 661 448 136 623 13 268 263 254 694 346 648 190 152 305 568 17 184 140 583 243 387 483 395 386 447 507 498 251 101 2 80 477 329 261 668 0 74 262 391 352 654 693 450 604 575 257 245 493 631 669 427 521 64 47 543 109 353 167 535 651 584 5 571 154 484 485 377 408 436 494 248 566 130 685 616 31 538 122 32 432 323 564 240 556 96 138 588 364 605 406 379 672 15 148 166 368 671 73 8 660 553 336 107 412 55 366 187 289 71 589 316 362 593 207 157 330 370 307 405 335 509 371 91 218 100 545 125 363 501 516 373 586 193 216 318 24 361 503 7 4 282 466 275 625 356 376 548 666 236 269 595 285 369 123 401
grasp;2opt_best;800;42781680;903.536420831;256;329 361 308 563 136 564 161 356 430 615 227 489 410 607 238 290 141 328 200 764 609 307 158 248 476 338 395 385 4 565 777 399 183 745 396 772 477 697 427 2 215 511 438 275 1 9 713 245 688 421 695 142 11 402 147 598 535 428 553 631 97 426 107 595 763 195 601 35 507 157 149 449 710 360 84 460 682 717 194 761 284 408 464 729 72 312 186 792 264 359 249 636 417 71 620 14 130 148 224 623 637 351 132 32 495 117 83 437 226 346 726 86 732 8 60 576 204 354 150 143 578 471 575 174 718 302 243 556 723 324 315 205 429 330 540 277 63 470 461 281 579 493 781 455 701 759 294 251 784 547 755 691 799 339 622 600 762 458 367 606 173 106 68 163 129 228 709 499 137 746 577 752 366 715 741 487 503 521 162 496 548 357 66 175 501 591 220 436 683 400 592 574 662 319 202 256 21 602 242 603 236 627 322 699 247 19 432 259 465 331 392 524 733 516 587 484 85 728 52 766 166 778 26 690 534 311 531 522 618 113 34 415 208 98 649 568 448 207 441 756 389 502 769 582 267 252 276 630 612 369 730 343 624 608 74 744 452 409 265 658 786 692 686 90 444 246 375 706 358 482 704 138 677 362 42 185 689 722 128 530 155 49 235 62 197 774 648 646 134 789 154 519 65 753 798 6 581 293 122 468 551 184 140 797 586 298 727 666 152 178 179 443 103 770 523 485 172 112 750 539 440 425 641 783 473 371 288 652 376 738 23 206 336 703 165 75 270 407 403 643 617 561 108 384 181 529 127 527 405 785 533 214 773 82 279 391 492 793 758 159 549 209 518 258 734 320 775 287 167 418 481 462 554 466 383 353 589 404 616 45 472 545 47 271 317 757 423 92 326 300 795 303 54 628 645 629 105 153 498 596 291 599 742 434 566 131 560 771 509 446 390 349 661 543 313 414 593 571 445 656 716 584 79 77 454 514 352 28 43 557 69 705 7 505 332 116 687 562 416 18 218 104 567 749 76 160 15 58 525 572 31 451 684 663 373 748 17 191 187 297 654 541 712 494 669 40 787 244 99 412 528 419 164 573 478 57 794 37 10 229 559 450 621 700 393 255 751 67 192 139 151 335 261 694 558 719 720 447 222 735 219 681 660 48 289 381 156 642 569 431 474 44 325 739 372 613 250 397 203 59 583 657 439 16 306 25 91 199 379 280 491 126 731 100 262 216 212 363 36 323 355 459 46 640 651 241 225 644 510 109 668 588 273 282 475 370 488 51 550 237 96 38 299 3 78 333 22 118 115 580 680 94 382 327 95 537 27 260 365 422 341 743 765 123 526 605 188 754 233 497 133 30 634 486 791 340 348 0 53 269 168 388 655 619 708 721 64 345 189 633 546 146 310 171 70 480 424 664 272 625 124 380 483 210 12 318 114 309 135 517 780 611 635 193 176 796 678 231 144 61 119 506 266 394 350 672 321 177 240 570 121 696 456 776 610 182 110 737 305 406 234 278 788 295 532 671 230 544 453 283 508 513 170 196 257 676 698 479 334 125 296 180 653 500 411 433 55 679 467 314 73 515 725 304 647 239 377 685 111 374 670 88 13 463 213 368 674 614 232 145 102 790 33 536 594 56 285 469 24 520 286 711 714 253 760 29 101 190 650 504 740 20 211 217 768 89 342 347 736 41 398 268 667 782 538 344 639 435 512 413 590 597 39 420 555 675 702 201 87 724 659 292 50 779 542 665 693 198 223 316 254 120 638 442 221 81 263 337 93 386 632 457 80 673 301 169 401 707 274 767 490 387 604 378 552 626 5 364 585 747
grasp;2opt_best;900;34778829;900.850765344;213;444 230 339 313 599 475 168 600 545 775 737 713 302 90 68 589 346 131 700 156 120 438 291 704 887 374 649 796 179 851 500 664 603 752 383 8 467 337 319 581 121 805 199 562 633 488 758 812 654 835 174 81 54 329 46 831 267 253 794 883 443 21 6 490 782 124 325 300 190 359 357 703 873 879 529 370 811 55 533 702 145 361 816 622 146 680 7 482 753 344 272 766 502 614 874 15 554 591 114 845 606 129 266 422 133 506 849 709 379 877 147 697 155 53 352 415 681 60 331 30 880 231 40 780 78 472 767 411 134 225 572 367 396 398 785 728 692 328 632 626 188 29 181 800 25 797 722 899 356 755 559 368 706 437 721 665 660 260 310 197 212 279 113 305 822 32 358 891 637 270 650 169 369 741 693 673 427 421 463 196 570 103 744 534 807 735 320 273 474 498 41 491 64 345 349 747 102 274 175 817 456 414 350 776 324 462 867 318 373 765 118 761 690 431 311 601 801 739 417 371 276 691 36 585 825 583 450 489 666 177 109 433 423 542 813 574 613 675 406 458 304 625 5 184 340 504 410 296 424 567 215 682 403 715 49 35 161 249 348 389 750 480 802 170 748 135 535 18 481 623 426 651 0 354 152 579 729 154 707 262 4 222 66 896 390 689 94 483 870 419 520 683 429 378 255 588 875 757 173 655 508 166 12 293 732 71 189 48 178 736 164 116 223 3 402 65 777 440 243 17 878 852 77 79 236 33 638 407 16 762 100 141 365 686 201 855 334 657 523 14 252 245 186 160 580 234 182 496 652 326 716 192 315 91 634 381 647 640 854 307 866 584 466 123 285 895 45 746 860 286 577 355 393 392 362 119 725 708 269 157 756 303 884 711 473 648 451 22 271 142 445 332 235 889 430 830 885 857 568 590 754 557 487 698 388 749 409 597 299 641 31 264 200 61 847 59 828 43 714 158 51 309 628 619 290 185 658 517 530 799 783 418 454 844 265 833 386 366 882 621 772 893 221 330 104 662 312 101 408 642 712 241 195 98 764 115 86 128 724 87 110 892 254 843 653 363 608 544 321 839 553 824 117 259 405 447 136 244 566 859 587 677 551 582 353 513 323 485 759 576 798 610 148 143 1 75 70 768 26 810 413 565 67 214 57 278 239 826 425 791 294 848 717 493 549 92 540 770 38 872 501 153 505 460 522 788 138 84 284 524 292 238 679 730 834 803 820 240 335 723 229 217 401 400 97 127 550 509 256 605 856 342 868 471 283 819 886 397 453 645 108 216 99 518 837 446 308 674 193 151 412 612 779 527 617 289 224 586 242 287 620 198 122 479 62 629 275 814 745 10 297 894 449 237 806 125 85 539 441 863 514 792 395 140 399 821 207 876 773 643 840 710 301 93 150 63 111 132 50 818 678 277 126 592 787 20 88 853 602 465 268 563 516 701 616 871 774 56 202 469 74 661 338 251 52 685 861 609 333 688 42 171 519 211 434 646 575 404 850 528 668 733 478 428 593 351 172 39 205 455 187 515 459 547 790 226 317 288 521 499 137 838 228 536 295 257 719 862 72 13 560 220 734 808 484 771 314 384 594 165 282 439 263 258 382 659 58 829 631 203 387 784 210 556 232 760 343 789 316 598 663 492 261 720 624 543 19 726 208 149 306 558 898 731 227 347 751 476 778 532 385 615 486 644 507 106 552 327 512 888 23 180 375 163 280 394 687 503 457 377 743 763 464 670 604 694 468 742 497 24 546 727 380 769 37 298 656 864 684 695 525 183 209 699 510 564 47 671 105 495 858 213 248 218 112 526 842 569 76 548 27 841 420 627 82 233 9 247 28 795 607 144 391 452 667 696 470 176 139 376 80 219 69 281 630 865 738 477 34 194 836 639 372 555 442 73 823 107 595 578 250 832 448 461 611 511 718 2 561 869 432 83 162 322 336 669 676 827 538 531 897 360 537 573 167 636 435 44 96 204 341 890 596 793 781 804 95 846 206 740 159 571 416 130 881 618 809 246 494 436 89 786 364 11 672 191 635 815 705 541
grasp;2opt_best;1000;59977312;903.006234599;183;907 374 816 573 820 527 791 144 375 711 800 282 892 82 524 736 807 810 766 942 925 558 863 951 474 332 466 952 592 35 179 731 40 168 468 833 123 103 704 614 519 544 672 451 968 469 395 986 744 74 947 838 90 418 589 71 377 867 939 255 194 874 83 180 811 734 660 911 279 482 739 745 547 851 72 190 733 992 708 271 47 594 367 831 470 888 500 8 234 553 167 950 978 536 841 201 389 579 770 376 198 93 879 182 822 804 235 251 294 394 373 263 438 115 855 518 933 364 727 259 560 322 454 642 232 528 110 125 406 227 555 128 193 409 639 959 186 901 493 938 657 345 264 275 351 492 937 945 383 153 961 108 425 956 165 525 971 479 80 903 861 954 205 22 859 586 506 989 931 782 268 608 439 957 443 371 880 853 341 824 196 834 941 118 534 993 523 188 722 280 224 95 107 795 244 267 599 812 88 45 229 746 793 580 445 480 55 266 512 643 166 515 881 138 662 803 213 463 906 173 865 622 649 576 678 633 529 191 919 121 272 419 685 981 588 716 252 67 602 324 785 570 584 316 124 432 758 113 752 135 917 243 858 306 940 414 26 437 974 568 507 34 749 184 254 847 344 996 857 220 89 57 459 39 11 240 273 775 796 412 20 481 460 719 246 709 689 96 508 514 943 696 127 132 308 703 870 86 245 10 617 104 658 730 732 767 218 666 236 583 116 995 6 320 65 237 626 30 390 646 587 338 277 561 735 548 949 972 693 750 554 278 250 787 884 458 222 32 809 921 204 346 44 485 354 33 411 17 416 472 415 663 747 794 684 461 543 835 998 175 401 575 520 149 930 788 827 967 348 53 77 63 111 707 768 300 453 207 38 120 134 333 327 258 762 640 650 718 49 159 307 801 848 715 303 4 262 3 878 607 537 487 141 522 754 365 799 631 386 929 287 199 891 836 323 475 238 203 490 334 311 498 400 61 784 611 806 893 705 585 900 131 192 765 289 296 988 408 598 757 606 381 616 362 918 814 533 656 242 41 92 630 24 216 962 825 963 613 382 779 62 862 975 934 426 270 352 305 497 483 699 664 815 625 889 442 781 984 51 358 818 447 683 143 578 980 177 219 886 293 337 856 623 632 326 137 99 761 285 790 850 910 109 817 15 164 590 28 309 686 909 156 446 295 281 163 690 843 567 877 302 922 540 669 786 170 329 604 310 538 780 505 291 399 792 958 297 398 821 760 890 819 7 682 728 698 629 452 966 178 75 380 430 671 620 655 388 233 864 521 325 582 738 688 155 413 572 496 700 126 882 565 955 902 2 777 478 776 56 202 513 743 150 228 336 37 581 628 260 977 356 721 248 76 343 424 948 0 983 455 101 169 654 692 869 999 550 214 773 687 261 335 830 130 615 195 241 729 136 465 935 908 91 208 997 860 694 645 29 530 43 68 290 756 676 269 23 181 964 64 691 312 16 679 944 429 183 652 805 764 98 106 720 298 444 423 557 157 517 42 552 895 920 675 723 265 319 477 340 330 936 69 751 363 212 301 70 494 484 284 987 559 5 215 378 404 94 644 276 313 591 653 546 740 225 436 883 837 618 763 441 571 798 226 896 464 769 916 427 897 970 488 317 210 172 239 133 905 539 25 467 355 328 21 288 223 667 357 904 176 852 87 119 422 574 509 499 912 647 353 808 339 924 407 385 501 102 638 562 677 174 670 491 410 14 152 832 541 651 402 97 771 871 866 748 360 431 726 146 151 85 697 211 435 603 428 706 495 369 842 78 885 200 283 359 932 142 158 448 774 387 674 331 826 160 610 872 349 504 840 659 440 526 531 635 140 304 725 372 823 209 292 391 695 600 221 928 58 9 299 797 366 634 48 566 66 755 105 829 384 274 612 12 516 112 668 772 532 873 217 636 609 990 370 601 253 661 489 724 627 145 789 433 894 648 637 593 50 397 1 887 420 913 844 84 148 759 60 417 596 476 976 991 854 18 46 139 314 256 54 421 114 868 946 257 350 545 456 927 802 556 347 129 342 994 619 462 286 845 681 19 81 741 27 117 712 147 849 813 898 486 673 846 449 876 717 915 702 59 403 923 624 185 564 161 641 753 605 542 979 595 162 714 680 457 535 503 965 701 737 875 502 230 249 713 953 899 471 510 839 597 434 206 368 13 960 392 783 577 231 926 828 396 187 315 73 393 551 549 122 621 100 511 969 379 665 742 171 985 52 778 154 247 189 973 450 36 563 405 982 710 197 361 79 321 318 914 569 473 31
grasp;2opt_best;1500;73965146;905.53082916;134;1467 890 341 1373 1177 835 1199 997 416 17 248 707 313 1203 1396 273 1344 37 719 35 1355 1318 462 100 797 1322 452 641 1032 1112 805 721 1477 904 229 1092 422 1007 482 1382 188 716 1191 326 238 161 564 335 171 610 750 1048 143 333 170 68 1290 1165 1111 1341 1187 527 187 815 888 1213 1046 286 785 658 185 1441 1181 869 755 28 766 998 1195 794 141 1269 1207 451 548 562 1482 903 577 523 91 271 622 198 392 651 368 30 895 714 943 816 9 1321 565 908 79 160 1395 607 733 423 664 1348 873 346 1231 637 388 927 90 458 407 638 278 646 177 1458 582 45 1154 1260 1428 136 660 150 144 1012 113 569 857 649 1347 75 800 1350 6 1447 260 1010 929 667 881 1123 1457 792 372 1436 375 553 448 1152 543 1485 324 850 1488 430 403 154 272 683 391 1352 1336 494 491 469 1211 1361 743 433 1150 761 436 1308 1183 913 751 648 251 788 917 135 975 1496 754 775 112 1357 77 1298 413 390 296 642 510 962 43 1383 670 18 1413 924 5 1084 1384 989 1279 818 842 1469 1402 1268 915 338 609 1149 465 1114 1249 1415 101 400 383 757 118 534 255 65 777 128 986 704 807 508 682 355 1143 476 537 1287 1340 725 672 427 686 1158 193 549 703 131 633 200 359 1314 591 853 1401 377 772 132 1266 339 612 954 1280 832 239 361 844 1095 938 1100 374 1235 1064 303 85 366 1061 1081 1292 1106 863 1140 710 874 1435 1042 561 951 981 1339 911 1275 1446 1270 696 502 976 824 988 1031 1422 1462 511 814 575 104 308 55 936 963 1053 624 632 237 926 1109 819 893 373 115 496 942 7 993 264 1102 1378 1473 533 1215 88 44 408 851 285 253 190 232 215 841 659 717 376 1316 1065 426 532 1489 598 352 831 867 999 1304 330 1004 1126 1426 266 1278 1367 1242 114 468 1033 203 753 1099 1078 234 222 32 145 806 613 987 107 689 1052 573 727 980 455 603 730 526 57 140 139 1135 1192 1450 1015 386 314 1371 1221 443 152 49 1174 230 1044 19 235 294 848 1443 747 349 415 1067 192 363 1024 1227 12 1394 155 1070 1047 1036 327 124 1476 10 745 378 277 964 173 1230 119 977 1257 728 1277 1029 1297 939 525 1440 478 752 906 149 804 654 1343 1425 1345 529 58 240 350 732 1296 1058 852 584 1142 758 1417 1472 952 685 921 1238 715 1433 978 283 991 1091 270 15 1258 385 1247 585 109 1124 495 1043 163 675 669 623 513 995 1156 1020 1050 86 1162 621 1486 322 883 442 1381 1104 410 172 1179 199 1264 1252 300 625 587 1262 576 434 574 1362 593 783 861 799 1313 956 771 519 84 1448 940 129 306 1096 157 567 1076 318 1420 210 1129 723 706 1198 1055 1372 959 812 1228 1161 955 441 678 897 1312 130 865 898 470 657 164 1404 708 1274 1059 347 36 652 399 447 328 414 1253 102 521 1403 971 1023 838 860 740 506 1271 501 1337 554 1427 1449 1328 226 1217 396 344 691 1037 95 47 1002 1460 846 1289 676 1285 425 1151 367 617 1240 948 530 1399 858 1342 1170 103 1172 994 60 1398 1118 827 653 34 516 1393 73 592 1087 1244 1018 1329 1166 1090 594 828 353 1387 756 922 497 563 1089 1075 168 953 655 1480 713 1146 220 1155 1498 1216 695 505 1333 1363 116 1193 1452 661 1305 1261 197 176 487 868 186 544 619 489 287 595 1069 1272 22 317 545 1194 1464 23 254 94 263 1250 1410 1454 1491 11 26 1471 1408 718 1169 304 1499 1079 117 480 1325 228 1273 428 76 1025 1481 67 680 985 1120 560 524 369 218 1259 357 1456 1303 949 636 729 1294 1389 207 836 813 261 1136 1234 731 1175 556 446 1310 1354 80 62 71 1243 454 1212 1209 923 1400 1302 395 1248 1276 982 1176 712 205 39 1286 702 59 252 572 213 13 1370 1468 1232 773 1204 1493 790 885 656 121 671 916 1338 1429 843 1282 445 1016 464 406 1358 1184 148 147 1229 663 490 1062 429 509 769 974 444 8 1141 1206 631 829 1423 74 1299 1307 473 774 1236 1375 1255 27 1173 1103 1108 1060 1309 1028 184 225 588 82 206 1014 493 886 1119 650 1369 1475 583 1470 589 1040 474 628 1218 1419 421 1185 204 1267 1434 992 323 293 284 1157 1335 1326 1225 398 1006 552 972 1145 918 1056 720 1455 767 472 1251 325 92 1317 1412 793 1418 87 424 282 811 770 1246 1066 72 639 837 1101 249 419 477 1045 961 457 762 834 503 1073 1057 289 1208 319 301 1085 514 674 244 1130 212 531 214 345 1330 1430 515 217 677 887 1442 571 539 1086 854 78 801 601 98 764 1281 1233 245 882 935 884 1121 384 862 765 1186 1071 1478 1074 901 56 739 1214 1265 1438 679 1134 1490 1377 1009 1144 586 1205 63 360 1038 1284 159 1190 1051 4 535 957 1105 979 1466 896 66 1077 431 409 2 1385 371 440 798 1011 1210 321 1431 538 640 875 697 231 1407 1094 643 540 1035 96 138 242 823 550 599 389 1239 700 54 267 348 189 343 1041 475 41 983 194 1054 178 736 126 1359 394 21 332 247 111 909 1189 169 705 1201 1127 795 280 687 46 920 880 1291 315 93 879 1039 932 1171 336 606 1445 1200 833 1494 802 180 16 432 547 1116 541 877 97 417 724 1390 1117 281 25 597 486 1311 746 1332 627 292 1397 568 840 1465 1182 504 402 1484 1093 69 219 1331 175 1360 166 905 1319 870 1295 29 110 557 864 256 1376 847 1365 635 1115 156 839 1128 690 871 1222 1320 681 781 20 288 692 1356 590 268 555 1392 1197 1019 1463 380 546 1453 50 1424 944 803 517 382 364 89 786 965 1017 629 488 499 1083 570 1288 1353 1082 542 930 507 910 856 492 31 1366 912 479 1241 1180 1027 1487 311 933 365 127 673 1346 1030 699 99 528 1263 602 1444 608 744 179 466 666 709 849 387 165 1188 738 134 889 362 996 120 456 1147 459 485 1432 970 604 246 1088 227 748 435 1167 196 763 902 1072 937 122 438 133 1168 1068 694 1437 946 1178 749 821 1237 559 990 1459 1160 644 967 876 711 81 950 518 420 958 872 1125 108 768 297 450 202 106 1323 1139 453 1391 618 900 1409 250 647 1315 1107 137 826 784 61 279 928 779 580 789 634 381 566 259 1080 892 796 404 662 1113 614 645 1254 1379 3 1159 578 146 1479 866 698 778 780 105 153 1219 64 191 941 274 820 393 1000 14 498 201 356 558 1063 665 684 1153 216 483 1097 1224 776 960 1492 742 1405 302 1133 223 358 411 859 290 262 291 1005 211 891 1324 236 83 626 52 298 1256 1131 309 1132 894 791 1495 1293 596 945 984 1386 1163 701 1421 726 919 1483 1497 1138 934 1022 310 307 305 1122 1439 630 342 1474 1380 1301 418 969 1364 759 1 1388 581 1349 460 536 33 123 825 1300 734 449 158 142 737 741 334 693 463 405 1283 931 1098 1220 208 48 760 316 1334 925 337 899 70 1414 1164 688 855 167 53 973 830 329 181 461 1021 224 379 257 668 397 42 233 1026 1406 125 467 331 1003 295 907 787 265 1049 1137 817 1196 1202 1411 370 808 439 51 1416 1008 437 299 320 735 722 512 810 966 354 0 1223 611 1226 484 275 1451 276 269 40 1034 351 878 782 243 241 24 551 500 221 522 1001 600 1368 174 1013 1351 1306 809 312 1148 968 38 471 1327 151 947 1245 183 579 914 520 605 616 822 1374 845 615 195 412 620 481 209 1461 1110 182 340 401 258 162
grasp;2opt_best;2000;6064870202;918.155587803;45;34 1743 928 1128 1590 1169 346 109 1742 1075 1178 322 1427 323 1409 1167 1406 1864 1303 215 1268 441 1870 599 1369 1028 1619 589 496 572 718 1049 176 1315 1708 562 1364 38 1615 347 1203 1598 1901 1327 904 831 1956 1687 540 165 394 1150 338 559 349 1118 1650 979 412 363 469 1723 1747 1586 820 1318 160 1057 1239 815 1402 609 990 152 1253 444 1580 1517 1714 1254 790 517 780 1412 151 833 244 1108 910 1255 647 376 714 237 1492 989 1176 550 1480 1821 409 1103 1121 272 570 1795 397 588 971 1951 1917 1215 1520 1597 1420 99 1759 1093 942 792 1442 208 518 597 1704 781 1972 1572 1796 1518 1932 1641 543 48 292 277 269 1513 586 298 1030 1609 1147 799 1446 1927 1062 1643 1074 1168 1311 1459 1719 1175 957 1569 1179 35 1171 1144 1429 558 914 1051 1522 1765 153 534 224 830 1538 903 1287 1452 1841 795 960 600 1389 1014 410 210 1797 299 1696 264 1573 1479 580 1166 725 1226 1481 596 1393 771 1851 1211 787 1611 1637 1331 1840 1861 331 1843 434 506 1100 1153 1087 1119 422 1209 1419 223 1365 638 816 524 7 39 577 1231 1632 689 788 1001 976 1991 736 1374 1515 1115 1804 1259 1529 1933 183 446 1149 42 1324 1790 1775 1963 1377 142 1915 1706 749 535 1403 801 247 1052 972 1242 1589 71 1467 100 1925 1379 1965 848 1649 1653 1154 929 685 1769 955 762 999 653 18 1702 1994 661 1240 383 1346 1746 1495 798 1642 143 578 931 443 1718 994 1132 1899 1341 1926 1859 465 1929 403 871 360 173 953 888 295 881 937 1417 198 1496 1663 1581 226 1539 1675 487 1561 966 182 628 1460 926 1187 454 1347 402 693 1069 1395 243 1791 1846 608 314 235 984 1026 437 1045 1221 867 553 167 1939 835 250 663 827 133 1313 680 1112 1979 1967 1832 303 1398 1893 1352 978 1577 350 738 1584 1436 969 970 1380 251 294 1962 1002 869 169 1952 171 985 415 316 1143 503 1447 1757 2 335 1624 1120 1134 1836 257 837 1612 1055 431 1658 65 1909 1695 1071 185 987 1921 279 482 385 1799 501 1353 1025 1844 498 1787 744 1435 1476 1773 301 70 1102 80 952 772 384 1274 1373 601 1560 1355 189 669 26 1220 754 656 1692 1343 719 246 1499 684 720 1868 1700 1400 1277 998 368 1013 655 844 1887 1865 1920 1127 1638 44 1463 981 1788 1244 260 1236 1613 33 548 1036 351 492 1486 1065 519 217 488 1835 912 1484 1284 1292 1192 72 300 1072 1881 1660 1882 997 920 1438 828 197 12 637 839 1457 544 230 617 426 1455 113 1818 695 1279 1212 854 43 381 1936 95 211 374 568 974 318 1458 219 1945 574 1798 1024 1423 201 988 1286 203 866 1199 1923 1876 1858 1588 536 849 555 1874 911 954 233 388 1698 361 1214 52 1958 1163 245 86 191 721 919 1594 1504 497 343 1578 1549 382 1182 1729 159 1654 1548 179 1961 1617 1440 285 932 1680 690 392 364 1407 843 1357 460 1977 438 1828 1930 184 1910 784 280 1970 1837 371 1088 416 17 1607 405 1710 630 708 214 726 114 670 304 1913 1711 1608 308 1800 1640 271 1321 962 750 1603 1227 261 1703 1273 539 847 1290 852 1989 79 477 855 127 16 62 274 1553 958 569 947 1012 1563 1676 1205 144 1713 474 549 1593 373 1998 266 779 1382 505 560 1197 1745 452 1579 1418 222 1960 1626 390 1454 1116 411 1210 1422 1424 1158 1 328 21 964 880 1543 1186 893 32 879 76 1437 1000 484 407 365 1222 731 236 1625 1986 1686 1464 706 740 200 1820 448 1064 459 786 1261 1122 1296 1137 263 1906 1562 1511 14 1329 1243 504 509 1371 1556 103 1902 733 130 615 777 1104 1812 1219 1546 945 1969 379 1016 1416 1760 883 491 1948 359 1110 1756 1194 362 961 632 1779 1922 1478 1066 1620 606 479 607 1229 147 462 676 1399 1801 1307 58 1335 357 163 1985 666 1298 37 6 1320 8 1814 542 703 406 166 1172 858 1415 644 493 688 483 1751 1159 218 977 1976 624 1512 311 1894 181 23 1156 561 1372 1534 1488 1807 516 1448 84 5 356 1267 1285 619 899 1968 268 677 1421 1272 239 1177 1337 1152 28 1439 27 1819 1601 1056 395 1257 1946 467 825 1728 1117 141 665 1540 0 1248 715 1305 623 480 1996 892 1046 149 1332 212 161 1094 1761 862 126 228 1938 1862 1151 810 766 938 907 1557 1263 730 1785 863 332 1362 1232 140 648 711 1670 305 1097 512 1947 1614 1937 94 528 614 1834 15 74 59 775 270 699 489 627 1426 1954 1207 88 812 1394 187 315 631 1130 324 686 1006 56 297 25 605 232 145 1411 231 1542 889 46 1596 265 778 868 946 829 782 804 282 475 1502 1924 1370 1250 82 1340 593 221 1145 421 1911 11 1918 678 1126 1323 1507 1685 427 1724 1691 64 1107 1767 1218 229 175 1217 791 3 878 761 874 841 1536 206 1368 1530 913 1762 1501 857 1009 155 1070 146 1975 289 1659 241 1990 1566 1907 667 1971 22 556 1068 581 571 515 1758 1443 115 1850 1133 905 1234 579 527 1283 917 1768 1633 1591 51 1830 1737 1648 1173 1269 1824 450 710 751 1441 1574 104 1344 1050 1523 341 1293 1155 521 1847 1715 877 1903 1813 1453 1776 1101 439 1558 396 1228 1336 1123 60 481 1039 476 1413 1059 436 1431 1161 806 129 502 769 886 240 1247 1349 1872 1774 876 1671 1618 1233 864 875 1029 1265 1959 1408 1519 117 712 1731 1322 757 391 845 1376 1432 1879 698 120 1086 131 547 66 90 1644 752 135 1079 1914 1004 1682 442 389 102 939 672 1639 563 36 1450 838 112 1073 626 1237 1270 1827 1262 1866 1249 1509 813 463 728 842 1206 1294 31 317 1875 1301 922 302 643 98 1008 234 19 980 1034 1095 1027 554 1944 1047 262 694 510 1860 1885 856 635 1623 106 646 587 1531 823 209 1190 1003 696 522 273 545 924 1794 1621 650 1388 1058 832 1135 756 1904 1129 935 1888 1755 538 923 281 128 1099 817 1678 20 1018 333 846 732 1342 417 249 119 227 1180 83 419 896 464 1771 91 1535 1984 908 1628 1943 1497 1083 1021 1873 918 1358 288 1053 77 1717 1567 1891 1040 1035 1600 445 1957 1483 1078 1928 940 808 50 591 530 1735 1291 1067 794 747 435 701 225 567 105 834 107 941 284 1276 759 1816 170 1595 1869 1810 293 1871 1359 1634 1849 81 1721 1730 1384 622 150 1533 963 468 1744 565 283 1966 1808 1339 758 1113 196 1131 807 205 1988 1521 398 948 401 433 40 1312 1784 61 1317 345 1309 1500 1048 965 523 1709 1880 774 334 1739 1470 1999 802 1397 1487 722 753 1854 949 330 995 1401 541 1444 1482 312 472 1550 925 1183 429 612 1780 291 148 461 557 1157 513 755 645 674 1314 1256 822 1541 1877 525 1852 1993 1699 1188 767 132 1085 404 1694 1831 124 727 1587 122 604 1514 1136 1839 576 707 873 760 1060 1386 202 53 1898 1333 1802 1995 859 453 1599 1092 584 1672 724 861 675 1978 1783 1490 1334 1111 1022 1803 168 172 634 1302 1754 455 1750 1106 927 1410 1098 313 1489 1246 1782 592 1491 1552 1571 306 950 1673 1605 1940 195 1466 1942 344 1524 737 45 1325 54 158 1366 566 1823 1749 1392 1474 1805 943 575 982 1288 1264 1973 186 1245 111 63 138 1766 595 511 1015 884 1330 944 850 1348 1528 1251 1908 1017 1778 1354 121 204 532 108 658 1679 1748 705 1585 321 55 1752 287 1630 1565 1181 1949 1527 1449 1547 1096 329 423 590 87 1740 1974 507 776 1258 768 1883 996 1912 552 10 1684 1856 1430 870 664 840 336 425 1716 89 739 1655 500 485 1076 1505 1842 1471 898 1289 765 193 537 320 793 741 259 1278 1809 47 671 1109 668 1646 811 1080 1934 897 1204 1031 598 408 891 278 13 213 1681 967 1160 1604 1434 611 882 1857 1387 1271 1319 424 1061 872 1125 1777 1165 956 1772 1404 378 1674 1356 1043 1472 1616 1475 1741 1184 354 642 895 1863 369 256 1657 1223 1661 819 1007 783 1736 836 352 466 1905 1964 471 370 1815 582 267 188 1461 909 1162 1445 400 1895 803 1213 723 1266 975 1516 377 414 386 1667 1570 1564 134 1010 125 1688 901 29 636 1896 430 1477 735 340 136 805 1428 1224 342 640 1367 4 1537 1627 494 1023 826 325 1433 1304 1140 1635 1077 1792 68 290 1299 959 1082 1508 440 1526 1114 92 399 1935 1693 814 673 486 1987 199 178 763 785 1629 1575 1503 660 734 1689 1196 824 1044 1037 252 1011 1054 96 1033 1360 651 983 216 1032 809 902 1701 420 1789 49 375 30 164 1105 564 1297 633 906 1493 1260 1185 1992 531 9 692 1063 1897 1306 473 629 1582 1683 353 1414 1848 1732 818 1606 641 1664 1651 1884 1451 1385 1532 1198 700 1363 139 93 156 253 1081 1124 746 1806 1763 1734 508 514 687 1900 296 1383 745 1164 1892 73 1665 254 1955 358 1631 1592 1361 662 742 789 796 1867 1793 1241 682 1733 495 432 447 717 729 1712 451 1456 900 716 41 1235 1720 621 652 367 1583 355 1551 1139 1216 490 387 1138 1308 1950 583 248 526 533 1041 681 1019 238 1201 1919 1997 1208 1781 1345 1506 1230 1647 413 1666 986 1084 1174 1038 207 366 797 1462 1189 1200 683 1544 773 1005 1878 921 1555 110 1142 1602 101 1202 372 639 894 1705 702 1485 930 1576 649 968 885 973 1473 1727 1817 190 1559 992 934 319 1941 691 1931 78 520 764 1725 1890 1845 1738 865 1636 585 393 1610 1326 123 1089 1193 24 499 255 1238 1622 1707 1494 1982 1405 457 1191 1148 573 69 1764 348 478 697 1468 915 57 1280 1822 1275 1726 1042 154 116 1690 1826 1300 1652 594 458 1146 177 1980 659 97 1378 821 339 529 1295 1281 704 1722 1510 1425 174 1677 853 1252 1338 1829 1753 890 546 1498 1916 679 551 258 137 1825 1350 1545 1328 916 418 625 1889 309 192 1645 194 1983 1554 743 327 1668 1091 337 1669 951 1141 770 326 428 1020 1853 1225 449 276 1953 713 860 936 748 1310 1390 180 657 933 1697 1316 1811 380 220 618 1662 610 709 1786 275 1351 1282 1833 1656 993 1465 851 1886 620 616 307 800 242 1396 1469 67 602 310 286 456 613 470 1195 157 1981 991 1381 1525 1090 1838 1391 603 1170 85 1568 162 75 1855 118 1770 1375 654 887 (!)
grasp;2opt_best;2500;11608988928;924.613653271;21;794 1346 96 340 2485 527 1376 1588 630 1420 103 1170 1364 966 998 695 241 976 754 259 279 627 44 25 1940 496 1467 2057 82 525 2481 1424 2035 2233 1258 2408 1203 1431 1584 1728 2096 472 1417 1426 1074 2034 766 2251 1386 1513 33 1215 749 1348 51 1858 785 531 201 36 87 1742 574 2392 1626 86 1368 91 866 346 1876 191 1169 2202 974 463 971 1423 209 535 2389 466 2384 586 2132 282 2332 1448 553 1173 1527 1914 1465 1408 410 517 1382 2433 562 2049 1106 880 220 2106 2355 39 26 734 60 981 855 1384 621 2030 2494 1470 1032 1897 1271 2343 1659 2498 550 2018 253 264 2146 1293 1923 2011 2186 355 1643 532 1705 1721 1680 1027 1939 278 2300 2097 2470 2400 1563 1477 1681 465 1948 154 1534 40 2464 883 49 526 1735 104 118 34 777 2065 1508 1547 1286 2441 1552 442 594 1612 1393 1953 1171 2478 1783 692 206 1936 2276 2273 336 1835 2391 1446 502 1298 996 211 164 1226 1264 1530 2191 2407 31 856 1910 1744 98 1871 269 2203 1313 2227 1088 202 187 1585 587 1759 516 1701 924 1413 1813 453 1087 393 114 263 2169 454 1273 918 1979 959 443 2046 1654 1440 1641 1621 2486 1945 195 262 1902 2204 1199 1526 1335 1560 897 2312 2302 2271 1757 1099 255 1720 1848 1707 1581 1034 932 1407 2409 2353 1778 48 2208 1274 1726 1900 873 22 658 94 708 1677 208 699 983 2487 1454 2168 1772 2220 744 2004 1723 570 1116 2047 1852 645 624 223 935 1837 105 2291 1524 1137 85 2093 391 1773 1233 73 2361 1207 2105 2287 380 2453 458 52 190 1299 947 589 802 731 1567 412 1355 941 2120 2262 2218 1651 1741 884 1236 293 889 1362 2159 246 728 1857 1973 1053 232 2279 921 1882 635 1942 485 824 1496 1754 657 876 1003 1830 2129 669 2200 2056 1985 1130 2211 1397 1259 537 314 588 1753 1242 743 2488 1357 685 520 1738 53 596 325 1673 2210 1057 1031 1314 1485 1532 1814 805 721 1531 214 534 2447 258 1663 1138 972 676 1069 219 2148 1523 2329 1903 2026 207 1889 1714 1987 1234 1323 99 2309 434 1450 247 111 1291 1268 2480 345 432 1951 1561 499 2320 2167 9 1006 849 1358 411 1750 243 2325 2039 774 45 1325 1251 368 2238 1745 2484 776 2124 1891 1204 796 59 276 2420 1056 1620 1337 1743 477 1791 1091 538 817 1609 97 1846 233 392 337 2456 1493 524 1782 136 1365 967 789 1634 1367 2160 737 1227 2257 620 1806 146 2048 1786 701 1921 175 1717 1572 292 2230 713 248 1349 2029 693 2059 1684 2472 235 1304 62 2130 2055 661 1144 698 1575 979 386 933 1309 857 1146 2075 2421 317 522 1221 675 2462 1353 12 626 1103 1521 748 1437 1168 158 1052 2074 677 2058 1356 898 1682 415 770 1476 1974 825 1934 1010 540 1457 1189 850 990 1451 287 20 599 853 591 1095 1906 1996 1824 188 185 1394 318 2182 1489 2176 407 1240 1502 1794 647 2267 2193 1004 1807 2277 2402 1339 1789 1964 1113 1695 879 1254 257 394 1831 1624 327 1480 862 1919 251 319 818 660 2363 1614 2280 778 139 1722 1515 1586 1507 680 396 1687 63 1202 1623 865 38 504 65 1554 2022 1154 2252 324 1946 272 793 2335 215 1046 265 1119 2246 1243 2115 2429 2110 2121 1760 1324 1603 1769 1329 1018 1178 1689 452 2415 1568 872 2386 132 289 2222 2061 547 120 1054 646 308 1604 729 1868 461 503 161 348 854 1861 980 376 703 483 1152 2194 931 1798 2299 489 1850 1405 1460 2012 739 2150 1478 764 74 840 1287 821 1028 6 2286 1472 165 1338 791 2014 2322 601 301 1307 1845 300 1422 2223 2043 1430 2373 2009 2192 893 322 2364 414 2260 2225 1517 742 433 1647 2054 1253 1235 2475 1865 985 401 1709 2439 1475 1828 1065 1017 975 1935 890 2188 1404 1597 1610 210 1289 580 1073 1519 877 1428 43 2094 1667 2321 205 1539 1622 159 335 298 2256 2224 746 286 1599 1321 2118 1400 2116 1671 916 892 576 798 37 1 1015 958 1536 765 79 1931 1854 1579 901 1844 274 2102 297 1816 1977 593 362 2090 1999 1076 1668 353 1011 2069 1963 664 226 717 1820 1840 1458 2107 375 1153 2482 968 2379 2071 1406 2085 2187 271 1125 41 1986 347 616 2341 1334 816 536 1459 812 2138 2434 1771 2307 1679 2263 1884 1992 244 138 2296 1874 1662 1193 834 2003 1288 1121 772 819 820 2195 1000 961 1085 1371 387 555 166 1551 2231 982 1439 1162 1471 1192 1978 1320 735 500 1762 140 1639 2082 917 1344 2479 829 1976 72 1174 760 417 2108 486 1970 881 1729 783 2016 949 2137 1219 2183 349 1012 894 558 160 388 423 951 2261 2 2237 2088 919 697 1954 1888 1501 564 2050 666 1363 2135 430 1990 230 75 1562 2450 2356 1048 750 617 2259 1001 17 1752 1378 1777 2122 786 1008 1140 710 131 2413 291 2175 1863 69 705 203 350 733 723 767 556 1549 1217 549 409 1768 804 649 1080 2139 1962 18 1616 1100 1374 659 704 66 2166 2405 1607 747 1842 782 2380 1383 670 2493 511 192 2339 1246 2425 2155 671 2390 662 1278 369 650 495 2310 803 2077 130 1312 1212 1176 480 992 513 1425 1937 546 1464 1685 1625 80 2234 416 1030 581 295 1528 2145 1302 400 651 815 134 389 56 1506 1666 467 1887 1479 1347 716 1819 1898 227 631 745 1129 1296 1385 579 895 640 841 113 1023 428 1318 2385 2235 1341 1441 1959 2357 1297 741 378 1838 899 911 726 2457 1098 1818 7 1801 1270 1375 1190 50 88 200 1802 1396 2164 810 2185 311 835 1699 1492 356 127 689 909 277 1878 1102 431 1727 2201 112 1755 993 1237 1059 1896 2497 148 1715 1981 338 1112 954 216 939 1566 2197 2028 752 1403 1693 1774 2319 1672 1542 1398 590 843 330 199 2019 84 5 316 860 2376 142 1510 446 1342 753 582 482 2382 902 2359 2036 831 1134 667 413 1141 1118 1229 732 1123 1983 1947 1075 814 682 2268 904 837 2393 122 652 153 1867 583 619 674 1208 1410 1834 2076 1089 1522 364 528 427 2143 612 1764 2466 2002 2205 1196 1143 1636 1730 727 1453 2347 374 2109 1578 1484 1916 2027 788 2443 2031 1272 1495 1327 763 1702 2136 602 1765 2033 2114 1731 1927 688 962 1284 61 2308 1704 1967 2274 1205 1210 1380 801 2375 1269 1881 2171 123 1498 1895 1043 808 870 1875 1191 2422 1997 439 2419 844 875 1131 1799 577 1564 240 377 2424 769 2128 397 568 610 1373 2395 2458 1328 551 1228 1683 2015 1696 2401 2180 559 1988 228 1859 46 797 1261 456 725 672 359 560 1418 633 1905 2221 2272 1582 1548 1736 1399 1797 2275 2417 1452 2060 1804 1950 1503 2163 260 1072 344 1577 1784 2383 1511 1491 1117 2123 1792 572 440 2157 2323 592 1180 2247 655 1929 221 936 1463 19 81 1629 141 1308 145 1960 2378 1763 1126 2281 1520 1957 762 390 249 937 1322 1908 1920 1706 1998 2080 628 2023 2388 1256 1149 14 654 1779 885 333 1216 927 1746 2346 595 851 1795 321 852 878 351 93 709 828 2131 468 2442 1231 2474 315 2181 408 177 838 28 2152 2044 2007 1070 2179 1181 1473 1079 307 1661 863 1442 960 42 1518 1841 641 2066 2437 597 2496 475 1041 1545 1924 1664 1591 768 183 329 266 1481 2491 906 451 176 156 67 1793 1713 730 1619 1748 1276 1315 106 2038 331 861 460 1932 1989 1618 172 2374 107 1965 656 1805 719 1415 2243 1556 1177 174 603 70 1657 678 2448 2483 1051 24 1785 915 2331 35 2468 2244 2199 1550 1402 450 2354 1086 1862 1067 1955 1497 382 170 1787 2293 2098 309 2158 2219 1150 2461 507 691 64 1740 179 1658 1686 2184 342 1387 1108 303 539 4 681 2232 1060 1653 1712 2209 1718 1351 946 1605 1926 1537 1675 1331 2153 827 1213 888 2342 2436 2070 1160 519 2173 1833 1644 1222 2081 930 759 1670 1068 501 1655 1737 1392 449 1303 1456 435 1194 275 373 2418 360 2404 978 481 2290 155 1855 1414 13 2126 367 611 1958 2288 471 358 1301 509 1880 2430 1509 1821 1836 1319 2104 1930 147 1535 1305 1151 1632 124 1433 813 1700 1483 194 2253 1248 1975 1369 2025 332 1247 1224 280 563 2000 182 2068 119 512 1810 1808 1630 673 1019 383 1139 984 198 58 2064 2294 2499 299 2040 643 606 1856 952 2460 1223 1127 567 2162 167 1111 1580 1354 1432 1016 1893 189 944 1115 2350 2037 1120 1158 1316 1574 809 1565 2140 706 2454 1650 644 543 1040 1589 492 92 1573 54 1066 115 89 1642 2423 474 1092 1961 871 2473 1109 1514 585 2446 1377 204 2377 352 1781 57 405 1505 2344 15 2490 2190 533 973 830 925 1922 126 2005 2426 515 217 1336 1136 1732 1690 989 447 1829 1013 323 756 2324 171 1050 426 128 544 2236 2206 1265 1543 2013 1892 950 842 1370 1156 1447 399 1648 912 1688 366 1749 1250 1104 2198 1206 1972 859 8 1005 1933 418 254 2317 1767 2245 231 2226 478 1014 615 1870 1179 1817 1583 250 963 1142 1640 424 1593 1766 1899 1608 2445 1197 2345 956 1646 1438 1843 1133 2399 1678 429 1800 548 1201 1890 490 2452 1220 1516 1445 2078 2041 869 95 1444 2101 1145 1847 1114 2298 117 27 1292 1628 186 1499 2079 905 2119 1995 2305 1361 1711 1486 1490 913 780 121 1188 320 487 2348 11 1602 1941 1533 385 1249 639 1039 313 1024 1482 1886 1669 1541 2144 2314 2217 1971 2017 618 1911 1333 1949 1435 2438 679 2134 1823 2289 384 2052 1175 1538 1555 2083 2327 2414 2369 1504 757 421 2444 1096 2170 1290 1306 712 267 799 938 334 2086 1062 997 1366 948 0 1195 2406 1182 469 943 381 995 2207 2264 1135 986 2360 1166 1691 1359 1674 714 874 2435 2067 964 1569 1944 2297 1600 1968 1245 1885 773 1232 1395 1660 2366 867 222 1901 2301 1925 1590 354 2465 55 484 1449 1283 1326 229 663 1082 239 133 565 1733 2469 1255 2495 613 1725 970 529 455 2149 1512 1839 163 1110 1105 722 2092 1218 1033 2042 1980 600 2368 2241 30 988 2467 625 108 923 1412 1851 790 566 2397 1907 71 464 1474 2084 2416 1077 903 218 305 125 1904 2431 2072 1165 1494 648 1751 365 1187 402 1282 1558 2100 847 1211 2318 775 68 498 882 1157 419 76 2087 1461 928 1969 2316 1734 561 1652 1708 144 2387 1770 2103 1021 1047 294 379 720 848 1596 787 1186 1225 328 1692 178 724 2215 2427 607 395 2315 1761 700 554 441 806 403 1239 2451 642 361 213 1167 2196 1081 1061 302 505 1295 1613 1606 476 1029 690 1267 1869 2489 2249 896 116 193 1775 2412 1214 891 715 1007 1277 605 629 212 1148 1615 168 1633 2216 1093 2254 1183 934 494 2336 1009 940 173 406 1645 256 32 2151 252 137 273 771 1071 1994 1879 1132 687 2045 1161 1595 47 2362 2352 1330 2269 1546 1710 2333 2147 151 1912 922 955 1124 1262 1883 473 598 926 2113 2396 1780 2053 2459 1592 1631 907 638 2178 23 238 1788 1825 920 518 957 900 1419 2477 1037 1350 1084 1559 2292 372 1026 2410 2455 371 1343 784 608 758 2334 1739 1147 858 886 2306 129 1035 751 736 541 945 740 1500 29 1345 1790 1611 1020 2125 398 488 1617 2432 2024 694 807 542 2340 1860 343 832 288 1917 21 684 2228 150 1360 459 1872 1285 1390 811 1090 2213 795 110 1827 530 2476 1697 969 1649 184 225 1340 1815 162 1488 2372 1049 622 1665 1455 822 908 1042 479 152 711 1570 497 234 2008 1803 1716 2091 1097 1915 1952 514 1598 2285 1209 1352 1487 2371 1159 1280 755 1956 77 1832 1776 1275 2133 1756 1909 2328 1064 2174 2282 571 1468 2214 1421 1391 686 2381 493 578 135 436 2411 370 2311 1045 10 245 1427 1300 2189 1101 999 1894 1984 1078 1311 180 78 2266 2258 290 339 1266 653 761 623 1436 836 929 868 1796 1594 491 1873 1982 2073 2212 833 2112 1036 285 1294 1540 2111 1469 1263 2010 1044 1758 357 1853 437 1694 1281 1676 1966 422 312 2161 2365 1703 1866 569 1913 1200 864 557 707 2278 1241 1656 839 1279 573 1918 609 1637 2063 2089 1317 1063 2449 2403 2172 738 2358 2471 1128 508 914 552 506 2394 83 90 363 261 665 1184 2428 2492 2032 523 965 1155 326 1576 1719 683 2229 2127 281 702 1238 1416 2051 1372 2283 2242 296 1257 1172 181 1381 2349 845 457 846 2248 991 2165 1812 2265 887 2239 826 1025 1822 1260 2154 1310 1252 1553 1244 2367 1379 1698 236 636 2141 910 109 2295 2370 696 1544 1083 942 1332 1230 1747 445 2338 1411 2284 2303 304 977 2440 781 1864 792 1877 197 310 2099 2463 1466 994 1434 1022 1943 404 268 1038 284 1107 1571 2062 16 1122 718 2095 521 2313 157 470 1185 1849 2177 2398 1002 823 462 632 143 1094 604 575 987 584 444 2021 224 1055 1809 779 2255 102 1638 2001 2330 420 341 1163 545 425 1991 1058 2006 800 1529 2020 2326 1928 1525 1635 1724 1443 2240 2337 1198 306 1429 510 2304 196 283 2142 1811 2117 169 614 242 100 1462 1826 637 1993 237 270 1601 1164 953 1401 448 1938 1409 668 1557 634 2250 2156 149 1587 3 438 1388 2351 2270 1627 101 1389 (!)
grasp;2opt_best;3000;13961904168;940.192335651;15;93 1759 988 2314 90 1737 560 2699 413 2949 432 2018 2909 1170 278 602 1431 1727 347 880 1104 2769 1762 2372 360 2375 1300 309 1702 2189 1086 245 2556 2706 924 2775 2002 2226 1518 42 1073 1717 1211 2032 1533 844 1833 2112 1991 2446 2282 586 123 2761 896 2432 1565 1233 1891 1238 2684 1720 561 1508 2696 817 89 1535 647 2811 908 1634 2981 1676 1811 2093 198 2345 2917 2134 130 2935 835 2773 1440 1560 2815 1590 102 2575 455 2006 410 461 1098 639 1410 2571 1204 1779 1536 1822 2431 1264 678 1918 734 2509 1123 1194 2045 551 24 238 1419 1632 2979 2413 1319 2285 521 57 1768 2365 756 2102 2472 1539 420 1705 1413 476 2681 2050 1636 2874 1173 1541 1199 310 345 1528 275 2368 1570 396 2329 2389 698 866 2237 1234 667 2411 1050 525 2739 453 1926 344 929 2466 1878 1449 1063 2572 1566 339 836 1835 2250 2798 497 2518 1911 1965 2812 1021 1679 1310 1158 2887 694 916 2519 663 117 1349 143 2876 1504 2802 1397 1167 196 2615 1776 2542 1284 2465 766 329 2840 34 718 403 739 868 1287 20 1558 1849 1295 831 1447 441 1281 2712 2765 1039 305 1976 1511 1491 1094 1207 1605 1897 1964 613 2236 2044 1152 1015 140 1639 2718 1684 1860 930 2043 2139 964 1069 2213 1161 1812 1734 322 883 2318 1963 2164 2800 2627 1088 767 2744 1111 779 716 833 1490 2877 533 1215 2348 2500 1165 1485 2335 752 287 316 519 397 1154 2631 2797 2121 2156 1314 1118 912 2866 2284 1932 1919 1299 570 1288 854 2386 858 2287 1736 2875 2178 2915 2223 2651 2517 761 1625 2196 764 574 2029 2804 226 2756 2172 2099 2768 950 2288 2609 2592 1670 864 875 2864 969 623 2436 1984 1210 2283 1947 399 2597 438 299 282 1248 2087 2851 1117 655 2395 124 1884 758 462 2774 2850 2913 370 1537 751 648 145 806 878 934 1502 872 2916 555 740 1315 1255 2499 2394 165 387 1227 748 2145 2482 1604 2281 1298 2358 18 616 1816 1294 1346 2082 621 2783 760 1543 1473 1465 1181 1329 1014 851 78 113 860 650 1139 2855 1785 2882 2516 921 1482 1731 2625 2680 1027 1043 1531 280 1409 1163 2128 2741 772 464 1505 2303 939 2026 2936 4 1613 938 2923 923 478 1764 2784 1038 571 2899 970 2225 1571 1781 1656 183 2745 2628 503 2763 535 1823 857 153 167 234 2666 2305 920 1896 2420 458 407 638 556 2831 1754 662 1278 741 2547 1036 522 1572 958 598 1871 1867 2708 1142 2349 119 2889 1099 2995 2183 1285 1000 1085 2601 2272 668 2083 2555 1503 2286 2734 1108 480 992 2054 1395 1949 729 1283 0 520 185 1260 2324 1456 225 184 2883 2621 474 1325 757 1618 737 882 168 2125 1716 593 1220 2825 1598 1668 900 457 1946 2396 559 1772 1596 2312 1955 2391 1626 2529 2244 2224 1445 2908 630 173 1230 1954 1611 2919 1008 1416 2538 1832 2081 1122 2251 2114 1994 504 1807 2031 205 1898 1474 2880 2474 2040 832 2117 2376 1845 800 395 187 2028 2619 2033 865 2994 2934 2450 276 1316 1829 450 1145 232 1053 1470 1830 642 361 544 233 2587 974 421 2863 785 1080 971 2217 2514 1435 539 73 1920 5 762 2160 2632 2380 372 859 335 2624 2608 1585 1549 1498 1155 220 348 1138 1663 2548 891 1969 917 135 1320 63 1022 2618 2171 2650 1890 2583 1971 2717 1627 1607 2187 85 2728 1463 790 2857 2486 1828 2593 2496 2605 2462 784 2610 1268 2604 2561 2488 585 176 2905 2839 695 115 1742 1480 17 1420 224 2535 1241 1180 460 91 542 2838 1112 1564 1621 317 2854 2616 1385 2654 2944 1674 1240 2530 253 285 221 782 2902 1318 2060 101 2351 1701 2848 2789 583 1333 2894 2181 1675 2787 61 605 398 948 1448 84 2865 1427 1323 1399 1338 2881 796 1484 940 2996 2898 2683 23 2422 384 472 60 1804 427 2567 2536 2588 37 980 1876 2814 2218 1209 2150 1156 1910 1599 1831 2904 389 1665 2141 2342 1936 2931 445 541 2673 1857 701 425 1151 139 1365 1751 1127 2743 1982 2061 376 2188 1713 508 548 1576 1275 2058 708 2563 1743 843 332 2392 529 2705 2328 1943 1367 2634 918 2001 1454 580 688 664 953 1901 1844 524 2075 711 1801 979 2316 2622 45 786 780 2595 853 31 899 550 1476 2266 328 1704 159 714 1838 2871 2360 459 2971 2925 1024 2602 451 7 584 1622 1159 1693 227 845 1212 1153 122 587 2021 828 619 2344 2497 783 1016 126 592 1095 1532 437 248 803 298 502 1072 2878 1989 2577 1583 1554 700 468 2309 961 658 1913 1709 1274 962 1826 1286 471 1293 1582 1001 2023 791 894 2313 1514 1429 1938 1362 1657 2719 1850 2339 321 365 2638 975 1468 1370 696 1597 1046 1875 2617 1110 1985 2630 2924 2829 2993 656 874 2859 2764 1303 949 2511 374 2569 595 1846 366 1134 1121 545 715 2941 2614 393 2064 1821 569 1631 1092 599 2443 2242 1972 2092 1574 2853 1996 2307 283 1259 2273 1925 1522 1697 2576 2738 676 2407 2259 1265 841 2948 1977 690 1361 172 2370 2698 1900 1966 2642 727 591 2353 682 1906 1401 901 2429 213 1669 2111 799 830 301 2958 452 312 776 271 1757 448 1803 1386 1075 1794 414 351 1715 1584 1059 1682 947 268 1407 2484 732 675 1616 1136 108 873 1959 2540 1783 154 71 2946 2937 1317 181 1524 637 1493 505 9 1006 2701 83 2053 1738 1879 28 1685 1441 1033 704 946 469 2582 2047 95 846 2009 2182 1357 733 607 112 526 951 1231 303 2201 15 2644 1633 1770 2494 1644 2459 41 2986 2951 12 653 827 2270 2290 2481 2781 712 1854 2579 1432 2918 2215 632 1592 2489 600 100 1817 1883 1354 622 945 1239 1457 2109 1071 2268 1444 2670 612 1062 16 2731 2079 2170 2966 1297 1724 1561 1747 1842 2544 1877 2152 1853 2027 1187 1396 2299 2776 2292 2697 1466 422 2230 2753 415 147 1455 1235 717 1820 1381 1671 709 611 914 1630 986 228 2085 1740 2356 2107 1271 2938 2441 2603 368 1313 1160 2131 1551 2950 1534 1279 2920 2903 2153 1962 2065 2987 983 194 2024 1661 32 487 2167 433 2686 2526 2161 2124 2016 2383 182 2330 2271 895 725 1908 356 2337 2300 148 507 1509 1577 2656 932 2960 2824 1384 1975 1935 1978 692 1782 1348 1707 1683 2200 885 2264 308 870 849 2711 426 1712 2833 2151 2900 1865 1818 2830 1796 1237 2727 1892 1563 2635 624 223 1221 1557 255 565 412 1855 2423 801 2659 489 1350 750 963 1269 2566 2533 2205 985 1415 674 260 636 1718 666 400 1353 2849 79 646 97 14 2596 652 211 2806 1055 230 2907 2612 1655 1013 1179 1052 1442 2791 2444 1379 1254 798 2742 75 2302 2332 247 1424 2366 2640 1035 21 408 703 131 629 512 1873 490 2406 609 1767 1034 2234 2897 1462 1722 2071 879 2869 2232 773 2584 2104 1930 1760 290 2750 604 1594 1128 281 1957 2991 47 671 2155 2101 2606 1733 869 1412 1888 2384 1810 1084 2235 2541 267 212 333 1698 1774 2524 660 373 1322 628 243 855 1667 689 1664 1107 834 2003 1603 744 2860 1765 2989 2336 439 558 2227 1680 802 1645 2959 1345 1246 928 1942 1488 2945 1575 2052 304 1952 2056 2210 1422 1601 338 1428 111 2510 258 2732 577 1049 1137 1356 991 1937 1527 778 935 1651 2637 2004 2137 2788 2317 557 2074 2059 990 1175 1037 2691 1368 156 965 446 363 2175 2888 1004 2803 1217 1079 1249 627 960 540 1292 807 2646 2048 2133 50 2390 1660 2449 249 1840 358 2607 325 481 294 2157 114 968 2729 516 1208 289 1481 2766 2199 1492 829 1425 1273 2418 972 1306 2275 994 721 2350 2549 409 805 2247 162 871 2427 1007 191 941 2269 1328 2543 1814 1813 814 72 257 2796 2296 510 1472 1291 697 2118 749 1775 2070 2782 1653 39 1290 416 2657 190 1519 377 240 889 429 2886 1939 1067 193 2505 49 2036 546 350 231 203 813 1903 1907 1341 2611 353 1499 1277 2293 1051 1852 1547 563 1640 1392 2405 2177 293 222 26 2319 1997 1553 1993 2478 1778 839 1501 59 1436 1270 391 1352 2645 881 2229 823 1500 1330 2419 2970 2837 2294 2097 2470 2930 848 2343 719 2910 2999 2333 2362 22 775 137 517 2891 1408 385 1258 2135 1756 909 1189 2786 976 2558 2442 55 486 2400 651 2747 2827 2077 435 1967 1799 149 2985 1520 2808 33 1980 2780 2662 1256 633 579 1414 2468 141 1847 288 1469 2359 1460 1267 1869 92 1587 987 1692 1863 2115 1986 765 1478 496 1615 2428 1203 2049 1581 2341 138 1178 1244 1018 2485 2304 892 449 473 903 485 2452 286 88 207 1915 142 2821 2378 2585 1690 76 993 2972 2586 514 2532 2785 2921 2008 1135 1525 1324 572 2984 2010 2820 1188 1068 2501 763 735 2030 262 1914 2702 1725 2204 1927 1174 626 1735 581 1629 105 777 77 792 1169 346 204 66 977 747 2039 876 2679 1423 1647 2914 2130 2063 2495 2398 1521 547 1116 2412 2983 1266 2080 2401 2239 2193 538 477 2426 1109 877 1404 1552 957 484 2574 1242 1960 1009 1377 206 536 2197 488 1988 1617 1426 2108 1649 1623 306 1376 1834 2076 2448 1809 1132 553 2724 2219 2425 2490 576 2298 989 27 1439 1958 2861 56 291 2847 495 1732 1342 1461 2005 1773 2968 109 693 239 2367 2693 2042 1340 730 2554 178 562 199 2279 418 1222 1144 1538 1091 297 506 528 1307 2091 2338 494 2455 2415 175 217 1236 2169 46 2140 523 1168 1245 906 913 1183 2254 2037 620 1403 1874 1662 2531 2257 2672 2364 1218 2106 597 2340 1550 1748 2872 1312 2154 116 2129 2066 1374 2550 1750 1672 2253 1666 1506 2955 1010 2402 2208 999 1870 644 110 1974 582 1752 443 1721 1106 2084 944 1635 161 2515 681 2932 218 2667 2818 2570 1041 236 856 2430 1276 1578 295 1529 2639 2810 745 133 2660 2799 2722 816 2581 614 1595 1755 29 2901 931 2202 2212 160 58 394 1359 40 973 1728 1995 527 2000 1708 2969 2409 2760 1899 1542 1214 1990 1344 197 1066 1567 552 902 2046 982 2940 2357 905 2089 1517 454 1347 1905 482 625 417 1030 1512 2746 1124 1257 2767 2038 2258 2289 1339 2801 1355 1588 1687 2354 683 434 2507 357 52 2590 171 1351 1040 1100 2276 2997 2762 2676 2545 1133 1020 2842 296 390 311 470 1032 2867 164 884 2437 2552 1364 244 202 661 728 2967 530 933 2214 1421 978 1081 1696 1064 2629 1383 2346 359 1402 2424 590 981 1591 1164 442 392 2438 770 70 847 2522 1162 1841 2262 867 2136 1730 956 2248 2527 2953 1902 2103 1467 588 314 954 1951 235 2315 1176 2311 1334 2086 1443 2361 331 1944 1546 1893 1196 382 250 617 2664 1979 1418 2159 2322 1025 1691 2557 38 1130 822 645 2020 1797 2682 2498 2480 2562 146 665 684 2240 702 1673 1205 2069 2025 615 2927 2035 1078 1739 1780 378 277 428 2327 251 2730 2564 1289 1464 2735 2647 1193 2123 513 1744 578 2720 208 1677 337 2613 2198 1924 1019 1968 2460 1848 1516 1923 1332 2127 1223 166 1331 1430 1380 1579 265 825 774 1321 713 2980 2326 1610 2261 2977 2598 755 2456 1916 81 1002 2098 2280 1494 151 2737 189 2726 2868 273 594 596 1172 2713 897 1843 1523 326 1658 2173 2559 518 1714 10 2700 1786 1201 2658 2113 1753 1921 2675 1819 383 2956 2072 2834 2243 955 726 919 1483 2819 824 1309 2528 252 1559 2190 1302 1400 106 380 1200 1998 266 261 1688 808 2034 635 1115 64 2267 631 362 3 1363 1992 219 69 43 1895 499 852 643 1391 567 157 2710 1226 2447 1489 1311 2142 2892 1119 2132 1711 1186 543 467 2873 1458 1146 1451 136 475 549 1042 2457 1719 2417 54 1262 1216 2491 19 1143 355 811 659 2185 952 491 279 759 99 2506 300 1763 768 1198 736 1149 2233 819 2119 1057 2295 2748 2884 2308 1433 910 121 1141 1129 1336 264 904 2105 640 334 1147 1769 710 1140 1956 1398 1641 2652 375 2844 2096 1371 2716 65 1477 1861 1360 2184 532 2385 2643 2963 2393 2483 1694 263 68 610 2723 2779 1806 1101 1471 1192 1387 2095 2591 1619 237 229 641 995 1219 2399 436 1308 738 1700 1061 1999 967 2933 2475 53 155 1929 534 2041 2578 673 2019 804 2220 2772 926 1940 1825 44 2325 685 62 1872 2209 1931 1171 284 1411 2568 1103 2709 1749 1866 2687 1970 1263 1729 2858 406 128 2663 2331 1646 1023 2440 423 1710 2912 1648 2013 898 2090 2636 2551 2832 1637 2671 1987 2014 1390 724 192 1131 1261 818 809 1438 2347 150 2879 1459 1790 1096 188 1545 440 2928 2246 246 2464 1327 1228 2661 336 1011 1824 850 2703 1366 1202 1182 2633 720 379 2846 794 1195 2249 1573 1082 169 1614 2110 1788 1981 1446 1305 87 163 863 1497 573 2690 2715 98 754 256 2435 343 1689 1496 86 1862 51 1358 2231 2278 2165 2373 2147 209 2203 269 2669 1792 1859 2144 2453 1568 1388 1608 2998 2100 2388 1005 1887 479 2714 493 210 2277 2274 2973 608 1185 1105 1642 1894 501 2862 1113 795 1513 984 1250 134 1556 1253 1856 554 2168 1909 48 2116 411 1858 2805 742 1659 1190 1837 2414 2260 8 2221 2015 2067 2758 1695 998 1487 2421 2649 2809 2158 731 465 1417 2192 2256 575 186 746 2238 2334 1114 2749 1793 1225 1934 743 2508 2792 566 837 1197 2828 1074 1784 1434 1678 2055 2323 2843 936 1326 1540 2992 1282 1922 2943 2073 466 179 2265 2408 1580 942 94 1450 1304 2120 2310 2410 364 2845 2777 922 302 1864 2434 686 2191 1090 1808 1839 2163 2939 2653 1148 509 699 2704 781 1093 515 1791 241 195 2695 2589 1602 2022 2922 691 1044 820 319 1652 2794 1389 1372 2835 1904 2988 430 127 1157 1126 1166 320 6 2228 2397 2451 2321 1017 1726 11 2580 649 158 1026 2885 2911 1083 2942 1745 2502 2795 797 2906 1771 1953 1393 2771 315 1593 2926 2707 2665 1699 2186 670 259 419 2148 2291 349 1394 1120 966 810 13 327 996 2754 915 483 1526 354 352 2166 386 2241 2180 2062 2974 2740 2648 74 177 2146 456 2 1761 1836 723 2255 1650 242 793 1378 2975 2990 1606 707 2143 324 2689 2725 618 104 2954 2382 1437 2759 1741 1453 2694 2471 2573 2982 2778 1510 2976 907 677 887 2770 2352 1589 1369 388 2626 840 2513 1060 1933 1150 2017 2893 2957 564 200 1620 1065 1486 292 2668 272 270 1301 2176 669 2836 2978 861 679 2503 1941 1077 1029 1375 1654 2546 2678 1097 893 2692 886 132 2138 463 787 323 1337 821 1795 107 927 1851 1028 2655 144 2477 1681 890 842 1475 2677 2403 1406 214 341 125 2755 2122 2306 654 1343 2149 997 1880 318 2458 1686 1058 1296 1886 2387 67 2469 1948 838 1031 2534 2162 568 313 2433 1569 769 1562 1243 1247 2245 1373 1746 1495 2721 2565 1530 1191 1802 1885 1758 2439 2752 537 2826 1335 680 2463 2012 1881 2965 371 2952 2895 424 201 498 1070 103 1950 1548 82 1125 2211 2790 722 2363 826 2525 788 2823 531 1983 447 2504 330 812 1638 96 1961 1252 2817 1827 1624 2487 2369 2523 1087 1232 937 2685 2007 2206 2807 1213 888 1012 2733 2822 1805 1047 1056 1382 402 2620 2126 589 1452 1917 959 307 2473 2174 2195 1945 1076 2594 1612 129 1054 606 1177 180 1280 216 2539 274 35 601 2301 1706 2600 2512 1600 2297 25 1229 2493 1928 2890 1251 2194 2688 1882 1272 2961 2476 657 2078 2751 603 404 925 2816 1723 1798 431 687 2252 2852 1973 1777 2088 2416 1868 2454 2599 500 2051 342 2479 1102 1912 2870 1766 2674 1224 943 1045 1184 2757 120 2537 2320 1703 2962 862 1586 1507 706 2560 369 2381 1544 2623 2207 2068 2216 2492 36 2263 1787 170 2964 2179 2947 2841 911 1789 254 152 1479 2011 753 2222 789 634 80 1 2813 2793 2404 2929 2641 215 1555 2520 1800 2445 2467 118 771 2377 2461 2371 1815 340 401 1515 2374 367 2355 492 1089 381 2057 672 30 2521 405 1405 2094 2856 2896 1206 1889 1609 2379 2553 444 705 511 1628 815 1003 174 2736 1643 1048 (!)
