;total_time;iterations;feasible;obj_mean;obj_min;obj_max;obj_std;t_mean;t_min;t_max;t_std;obj_best;best_sol
10;600.000575305;848970;826274;2277203.61680992;105;5900017;1339262.78742085;0.000690345277799;0.002315058000022;0.000567329999967;4.63392363828395E-05;105;8 6 2 5 3 4 9 7 0 1
15;600.000148774;484710;351184;3931725.96486172;295;11000055;2016543.1412751;0.001229471714335;0.00347996299999;0.000981003999982;7.93096820168838E-05;295;10 9 4 13 12 2 1 0 3 11 14 6 7 5 8
20;600.000232814;325552;175580;2440174.03724798;319;12200020;1771852.27547794;0.001849279105496;0.005173945999957;0.001516678999963;0.000287374966013;319;18 11 15 1 17 8 10 14 19 2 12 5 4 6 7 9 3 16 13 0
25;600.000991553;233101;108951;2909074.25183798;453;12699857;2023339.92356529;0.002593341844306;0.007423590999991;0.002101031;0.000180134810795;453;2 24 1 13 12 4 14 18 19 9 17 10 22 0 7 3 23 16 15 11 5 8 21 20 6
30;600.002071986;188728;86280;2652013.77760779;609;13299772;1969287.69088169;0.003196301763665;0.00875718399999;0.002750652999964;0.000268151727485;609;12 23 3 13 25 29 17 16 0 20 7 19 28 15 2 4 9 26 22 24 27 14 1 5 21 18 11 8 6 10
40;600.002396148;131461;60229;2999142.37880423;832;14999664;2225228.63321342;0.004599078781567;0.012011747999992;0.003948415999986;0.000395795584067;832;4 21 16 27 13 34 3 29 18 31 35 19 38 37 33 39 17 25 36 8 7 23 20 30 32 5 24 28 2 1 26 12 9 11 0 6 14 10 15 22
50;600.000569258;103058;41449;5542407.45011942;1068;24499803;3646628.40548416;0.005879019328621;0.012917046;0.005201483000008;0.000353302501077;1068;1 10 28 35 33 17 7 4 45 6 25 2 3 0 48 8 41 32 5 42 9 27 49 13 12 47 40 22 29 31 37 38 14 34 19 44 18 30 24 21 20 26 43 46 11 39 15 36 23 16
60;600.004405048;83427;29966;6071067.08266035;1408;20199492;3609072.79002998;0.007271886494861;0.016380806999999;0.006577418000006;0.000473636942209;1408;13 52 38 57 45 51 47 1 4 16 44 7 49 35 36 28 23 43 54 6 25 17 20 15 19 55 31 24 42 12 14 10 26 40 8 30 39 32 2 3 41 53 9 11 34 22 5 27 59 50 29 21 48 18 37 58 33 56 46 0
70;600.001395927;69696;18387;6399931.50051667;1584;24699459;4015368.38091031;0.008767433978844;0.021975773000008;0.007454007999968;0.000429515469403;1584;47 63 44 45 55 36 6 30 14 18 66 10 23 4 60 65 34 7 69 43 50 21 56 11 32 5 17 33 49 57 3 26 54 31 24 40 38 28 42 0 19 46 52 8 67 27 53 12 59 13 16 29 39 15 48 64 35 58 51 37 9 2 41 62 61 22 68 20 1 25
80;600.006616252;59062;14757;6584729.48424476;1746;25499107;4496823.32469281;0.010294022254794;0.030472449999991;0.009247282000004;0.000647077286263;1746;32 28 72 35 5 4 49 73 27 41 65 16 39 66 76 2 10 37 11 6 3 56 40 79 51 24 31 17 70 18 42 69 46 19 58 48 59 61 36 25 0 68 20 15 74 29 21 57 62 13 34 23 9 14 45 26 47 1 30 55 50 75 71 7 67 43 33 64 63 52 78 38 77 12 53 54 60 8 22 44
90;600.001902965;50671;24019;4411121.51742371;1959;23598970;3272757.19970631;0.011873798688788;0.028973737000001;0.010850167000001;0.000828967530618;1959;4 49 3 72 70 31 59 1 56 84 81 47 52 57 2 15 89 54 13 20 6 69 29 46 7 43 64 63 50 73 42 53 51 88 38 79 28 18 16 85 66 36 48 21 41 62 17 86 34 22 33 67 77 25 39 61 37 65 71 14 5 80 26 35 87 0 78 76 8 27 74 32 11 24 30 10 19 75 44 23 9 58 60 55 40 68 83 12 82 45
100;600.000793408;45959;11320;6002959.93436396;2116;26598809;4398016.64123013;0.013180315327209;0.028398484000036;0.011925431000009;0.00073230969566;2116;83 40 43 13 60 84 5 36 33 55 28 12 89 66 48 78 14 69 68 6 73 79 19 62 4 82 18 34 85 41 22 54 65 94 58 32 29 47 61 21 96 27 42 67 53 95 11 63 46 59 76 39 90 25 87 24 8 7 57 38 92 99 37 98 23 52 77 3 70 49 35 0 74 15 1 51 80 2 72 10 9 30 97 26 86 45 44 75 64 20 88 71 91 17 50 93 16 31 56 81
150;600.015184757;28902;6138;10406402.7569241;3616;38397875;6846732.74236544;0.02101382437781;0.044541148000001;0.019510908000001;0.001095789158249;3616;64 82 53 144 49 35 80 13 90 121 92 134 58 83 22 68 106 25 105 108 39 145 3 78 43 26 137 116 110 20 6 136 12 16 119 107 89 77 45 19 38 23 123 142 70 66 85 97 133 96 114 59 55 111 29 31 125 100 21 127 4 9 138 140 33 18 102 135 40 5 120 148 87 146 143 50 28 48 141 72 79 73 63 115 99 124 147 0 65 1 44 139 101 69 132 51 52 24 86 95 122 128 57 117 27 61 113 93 75 17 84 67 14 129 103 149 130 54 112 11 98 62 46 2 41 42 88 15 8 10 71 47 118 7 104 60 109 131 76 56 91 34 74 32 126 30 81 37 94 36
200;600.009277363;20859;3003;12347053.7259407;4733;44697039;7703470.89042566;0.029142886317349;0.058794133999996;0.026072862999968;0.001284837149032;4733;186 55 133 95 167 121 149 181 156 190 21 56 6 129 94 97 25 180 30 66 106 35 131 72 64 96 54 102 128 80 118 174 77 79 134 40 184 140 130 143 19 162 42 169 88 105 58 29 147 10 114 165 27 117 198 93 104 18 148 22 135 71 49 63 111 11 2 194 100 70 152 151 9 188 76 187 23 92 137 99 145 28 179 46 138 109 110 91 173 98 112 62 47 122 141 125 191 51 158 52 115 78 57 82 33 136 119 195 13 123 3 83 157 0 164 197 12 113 73 20 26 126 16 172 45 166 161 160 168 75 178 1 101 103 132 155 163 107 74 15 81 61 170 153 31 116 159 17 50 193 183 4 41 192 67 182 34 53 24 154 84 48 87 124 108 14 139 176 59 32 69 189 37 199 171 65 127 120 38 86 150 43 146 89 144 175 196 36 5 44 7 39 90 68 177 60 8 185 142 85
250;600.019978621;15881;2317;11216243.3504532;6112;40696031;7682587.29914313;0.038116193305999;0.055789512999979;0.035694242000005;0.001583017241245;6112;43 215 172 6 56 201 85 49 132 150 114 13 28 9 186 17 193 27 138 161 129 31 166 183 40 187 99 124 159 26 137 155 247 213 23 178 175 39 147 203 82 11 41 236 115 156 140 5 42 143 164 229 61 136 7 60 209 238 84 44 217 100 145 248 59 38 4 78 104 12 188 79 180 19 22 146 176 249 8 10 53 189 228 97 231 240 195 112 194 198 200 218 206 139 199 232 214 68 123 32 65 0 81 220 167 110 181 108 141 120 88 50 87 160 205 36 66 95 243 76 202 35 134 113 190 52 34 234 208 131 226 151 29 58 72 91 21 77 154 127 210 246 94 37 67 191 64 125 117 121 48 71 89 126 83 144 116 51 165 122 20 54 86 244 70 227 111 211 119 57 212 16 197 93 69 24 133 33 55 74 219 171 47 153 25 106 163 207 158 90 103 184 224 18 239 216 170 245 185 148 92 223 75 1 15 235 107 105 130 45 30 179 3 237 182 192 149 135 174 221 168 2 128 169 225 177 98 62 73 63 173 241 101 230 14 242 233 96 142 196 152 222 109 80 102 157 204 46 118 162
300;600.019244066;12527;996;21109723.3684739;7462;59095104;11226121.9717611;0.048382698978914;0.082491185000009;0.04510962400002;0.002259953907238;7462;134 62 119 221 142 278 240 40 10 121 249 161 38 132 190 206 160 22 271 96 127 188 6 20 282 299 60 53 124 87 191 17 226 112 205 218 48 89 186 57 99 223 287 257 82 203 123 219 101 202 56 201 178 66 236 33 113 97 126 86 197 7 45 117 125 263 52 24 251 247 289 231 102 157 80 196 267 228 43 51 2 254 224 91 156 90 270 272 243 55 27 265 246 146 122 65 92 288 19 280 237 252 28 115 214 211 208 281 262 105 277 78 268 47 245 232 283 70 75 241 195 234 108 85 107 295 49 35 98 164 153 41 174 1 215 172 16 275 129 63 110 34 216 279 152 4 184 185 173 69 67 244 239 233 64 118 296 120 217 50 193 73 23 141 138 135 183 100 284 209 31 144 286 150 290 222 297 68 13 213 248 12 189 106 151 235 170 187 167 11 116 260 180 84 44 274 15 210 109 204 207 61 258 250 74 93 59 95 225 229 199 291 182 136 88 76 114 9 227 165 264 200 175 71 39 3 77 79 21 83 94 58 32 8 259 238 212 256 176 139 168 140 5 194 162 285 269 42 30 104 18 111 198 293 54 0 25 148 166 155 128 145 72 137 130 37 171 14 143 253 276 131 29 147 179 181 242 133 220 26 255 158 192 103 81 159 46 292 273 149 36 298 169 294 154 163 230 177 261 266
400;600.059080251;8967;643;27510260.5567652;289752;76593845;13209291.3282309;0.067632270353031;0.096864949999997;0.062504326;0.002583570604316;289752;186 63 378 296 263 327 272 106 88 314 392 58 284 52 358 298 313 78 261 24 69 194 203 185 315 234 208 200 364 98 352 394 154 299 55 266 148 379 280 243 237 191 187 274 17 150 77 152 270 370 75 282 336 157 368 268 264 84 309 340 330 136 28 100 129 363 97 228 366 209 18 189 389 71 179 96 162 367 43 289 135 349 159 81 60 156 393 26 107 195 206 218 64 302 111 231 278 141 290 319 123 176 334 292 9 293 198 224 79 345 183 360 362 256 202 132 372 92 399 248 13 390 102 369 238 30 180 377 316 353 223 21 49 235 205 318 397 104 66 178 383 10 37 233 213 250 0 192 67 269 344 36 108 311 271 138 310 172 182 333 42 19 164 375 322 29 101 351 181 285 47 175 76 56 51 398 11 160 354 329 113 34 253 143 281 303 317 146 8 291 171 90 259 32 95 211 167 357 48 216 126 120 258 118 134 40 59 46 230 144 391 177 371 288 188 348 295 115 286 145 232 305 116 386 31 227 89 207 5 142 158 287 245 80 326 86 62 112 241 395 165 3 277 161 217 294 251 396 265 222 339 325 44 53 341 149 308 332 229 166 155 283 267 331 35 321 279 385 335 260 61 122 83 361 255 388 20 214 273 244 2 147 324 91 210 7 124 381 153 275 119 262 220 380 117 169 249 359 140 184 85 304 173 320 128 323 57 82 38 242 300 236 306 257 1 307 163 70 301 225 254 297 27 215 201 65 376 346 373 22 365 219 170 196 221 212 151 247 6 121 355 127 68 41 23 99 137 87 384 240 94 382 25 33 338 356 4 15 74 350 14 130 72 114 109 246 39 342 174 50 193 73 252 276 133 239 103 387 204 168 374 110 105 131 226 199 16 54 347 343 190 312 197 12 93 337 139 125 45 328
500;600.010808877;7040;419;38352873.3365155;1487408;82191619;14559350.0415256;0.085996262632458;0.102079232999984;0.081563626000047;0.002610777148627;1487408;259 480 445 31 324 88 216 437 405 284 352 77 231 197 207 401 475 485 393 186 44 322 182 9 499 176 215 305 428 52 199 318 414 357 53 447 245 498 24 275 471 470 261 335 360 194 483 188 98 152 236 200 496 172 6 56 246 173 387 78 310 38 280 296 289 94 144 367 198 129 0 460 431 221 256 391 487 37 222 32 124 423 446 351 412 344 95 185 41 183 57 157 433 338 442 469 195 497 97 434 162 467 214 348 28 116 193 316 230 377 17 328 174 138 171 242 100 396 271 390 307 58 332 131 90 49 8 285 132 308 293 481 153 12 189 371 2 148 66 400 379 362 461 264 196 477 29 329 277 452 455 266 104 118 489 161 121 150 394 128 167 303 244 283 294 382 113 299 149 76 252 92 416 439 202 142 187 273 422 119 355 82 1 67 287 482 238 179 65 320 27 159 440 325 156 55 339 137 99 369 330 385 432 495 327 441 190 343 415 392 211 123 459 326 333 206 288 430 380 30 340 50 93 255 42 262 220 219 69 73 444 146 177 227 486 276 349 59 5 368 295 228 85 205 484 281 331 35 312 34 40 429 473 112 26 397 427 279 165 229 147 458 386 260 451 363 210 251 84 70 134 466 10 398 337 14 472 154 304 43 115 46 240 417 135 225 449 18 354 184 298 117 168 403 268 468 105 253 346 204 223 158 490 336 64 297 474 110 265 79 464 314 454 101 321 163 108 103 254 151 139 372 63 488 248 406 125 389 181 443 180 292 418 91 48 209 263 237 61 450 492 74 350 410 491 323 341 353 226 114 62 212 409 7 319 120 20 413 155 388 313 361 224 342 290 68 282 208 311 80 102 83 3 192 269 71 89 47 364 233 54 425 247 301 267 407 476 96 435 373 478 145 232 21 408 191 457 334 375 317 141 164 175 217 347 136 448 107 45 170 419 426 356 130 358 243 456 479 376 109 453 178 133 218 166 4 15 111 306 300 72 140 169 345 203 383 436 438 493 23 370 270 143 19 81 291 399 39 272 249 421 374 201 278 235 378 404 11 494 13 213 60 33 411 366 309 286 160 234 381 465 359 424 87 241 402 315 395 257 106 239 420 302 127 462 250 25 258 51 22 36 463 86 126 16 384 274 75 122 365
600;600.071658954;5664;286;43754813.8391608;1785434;89389820;16779821.946302;0.106672324734264;0.14578185100001;0.102724212000055;0.004120650284247;1785434;367 532 471 337 167 432 382 28 137 499 309 88 518 14 585 570 452 148 143 92 587 129 445 534 46 541 153 235 404 204 582 207 106 40 329 240 150 362 42 87 425 423 335 484 27 420 47 233 67 2 11 206 123 498 552 25 56 327 279 441 217 467 514 176 440 216 16 462 334 110 385 351 145 539 253 285 99 218 557 157 289 142 389 247 410 387 581 352 354 301 390 284 4 262 199 503 592 205 428 7 219 191 340 180 178 154 257 343 435 318 33 264 315 393 427 202 54 29 147 506 319 203 513 75 70 495 119 246 265 526 480 211 359 364 10 241 222 297 59 102 127 72 63 422 259 405 71 221 292 573 195 128 155 470 502 230 135 64 491 446 379 95 438 96 283 114 124 261 350 172 439 97 183 345 346 169 414 544 366 533 516 565 187 537 252 197 310 133 57 278 461 490 448 3 481 236 375 460 536 20 224 321 493 492 372 74 550 275 457 215 82 117 228 136 282 200 564 524 333 171 22 317 483 324 175 521 355 249 89 186 443 168 212 563 225 184 515 163 177 553 454 214 341 590 9 166 429 378 277 298 37 272 269 449 325 409 223 293 116 80 302 109 237 188 312 112 411 132 567 162 164 84 571 13 525 400 501 210 566 421 463 540 392 328 231 357 239 76 43 185 32 358 281 266 307 469 407 316 332 273 125 45 494 105 381 384 500 280 450 579 455 507 276 198 304 485 473 69 173 426 444 120 386 365 244 139 395 18 189 558 287 160 55 44 424 458 430 322 271 474 574 413 486 523 24 371 417 251 94 243 61 459 140 101 551 576 242 159 394 201 520 220 419 383 260 311 234 369 342 330 399 31 434 190 396 559 226 111 0 360 597 118 134 589 291 554 141 487 472 254 418 529 267 545 232 353 299 238 556 305 115 8 517 456 130 415 598 68 248 504 314 227 431 509 575 51 158 437 300 593 192 15 62 361 303 286 52 475 274 549 213 588 577 595 391 527 591 255 85 108 436 488 1 599 149 6 320 98 401 161 170 196 156 373 442 468 583 542 5 477 562 496 79 258 306 26 398 113 78 433 522 548 36 60 73 245 466 107 489 66 505 81 497 91 344 594 313 339 288 35 49 295 572 38 356 453 482 447 397 584 93 122 403 256 270 50 86 376 23 104 39 90 368 464 165 77 476 596 370 121 338 48 478 30 331 560 586 41 511 250 531 21 408 530 179 182 131 543 58 229 363 323 406 580 538 535 152 174 347 268 546 561 103 380 296 100 512 479 294 194 208 336 348 290 193 528 451 19 465 412 151 263 377 547 126 508 374 308 146 138 209 12 53 181 34 569 83 555 326 568 144 17 416 388 65 519 402 349 510 578
700;600.123074966;4714;185;42402599.2540541;2481859;95386518;20574388.0172497;0.128160070891893;0.153521059999996;0.122228440000072;0.004505703991741;2481859;166 655 128 58 621 331 461 411 95 607 550 98 364 510 229 456 251 498 507 447 26 97 476 255 480 29 558 685 130 566 423 257 90 379 406 458 468 642 581 350 140 184 149 293 467 217 371 285 595 346 648 342 430 60 681 553 174 395 442 631 119 637 696 118 9 492 502 698 665 640 556 31 616 523 380 559 606 445 671 73 322 483 387 243 133 453 591 401 377 499 348 434 278 57 143 300 568 49 535 627 330 198 668 391 178 87 626 649 459 519 72 397 699 448 661 339 599 220 538 122 93 419 438 99 305 594 84 61 494 394 546 204 169 110 482 464 28 689 357 381 241 327 136 141 479 39 63 34 253 624 489 25 450 224 564 240 77 683 144 404 545 100 218 91 187 366 422 85 65 524 11 590 675 281 432 323 264 162 37 48 312 552 284 351 378 441 134 505 127 596 678 375 580 30 345 215 230 440 212 672 75 186 276 250 335 509 117 191 19 242 67 238 504 307 405 416 554 232 645 555 56 310 497 650 390 417 200 693 549 687 695 196 193 33 449 177 604 247 268 69 76 560 194 83 266 228 245 493 613 248 424 561 343 315 71 332 547 692 334 112 94 259 23 152 286 386 508 427 302 16 421 437 647 619 22 614 188 180 161 403 223 273 158 636 235 319 81 14 393 340 544 150 578 515 691 190 89 358 226 579 677 13 574 662 42 501 527 168 175 157 676 124 697 577 525 126 213 313 486 462 530 337 526 208 185 43 103 485 156 354 511 132 646 195 269 236 321 474 15 102 233 336 107 96 138 588 260 576 298 623 372 182 615 27 317 222 18 12 197 641 291 518 426 630 318 572 429 105 254 263 314 666 548 0 660 400 261 658 531 53 500 328 409 123 265 79 82 657 52 304 410 414 469 111 663 297 62 202 274 418 137 163 151 139 206 517 382 659 611 673 10 573 396 690 495 246 308 598 64 521 287 51 160 306 473 589 5 368 536 113 275 625 356 176 670 600 262 74 503 171 303 370 121 338 145 389 638 207 189 125 35 181 299 475 612 565 239 311 533 455 392 628 682 361 116 487 267 290 539 436 408 570 587 59 40 320 413 78 66 452 324 108 439 583 420 272 231 20 488 444 384 667 8 234 292 541 412 629 258 463 301 451 201 88 653 582 192 567 374 376 86 32 173 674 686 431 270 146 540 425 402 219 383 225 684 465 513 688 36 563 170 605 601 352 654 584 460 344 608 1 520 557 632 528 153 457 256 227 283 203 399 634 104 341 446 534 199 294 471 656 435 362 7 4 282 466 179 106 415 47 694 17 216 280 571 277 367 252 537 142 679 167 316 369 592 288 214 635 244 296 603 620 428 593 24 120 38 443 543 109 210 211 388 360 622 329 279 159 165 326 55 433 514 585 209 664 131 644 325 172 639 115 164 532 385 333 454 44 155 46 610 101 295 349 249 41 221 309 617 135 80 477 3 562 633 516 512 205 407 92 363 651 353 347 237 183 45 147 129 575 643 542 70 472 496 21 680 355 484 154 569 491 669 522 398 652 365 602 481 359 2 490 54 551 609 271 68 114 50 529 470 478 506 289 618 597 586 373 6 148
800;600.04164004;4093;124;69818625.516129;11279480;120985756;21984927.1165596;0.147254135830644;0.16223788100001;0.142610687000001;0.003447894216527;11279480;703 613 695 583 777 653 500 751 387 604 762 92 630 535 598 235 392 156 196 144 322 32 651 241 225 220 213 463 13 675 317 529 181 259 465 151 139 192 67 669 494 105 326 284 5 484 587 516 733 746 577 752 641 221 442 333 22 785 446 509 300 760 310 538 366 180 378 48 510 109 288 371 441 756 389 502 769 710 172 793 658 731 100 262 216 16 306 258 518 784 231 395 338 210 508 513 645 217 211 396 117 495 81 349 661 400 602 24 520 650 190 398 532 295 239 609 307 652 365 260 27 689 443 103 547 794 94 188 605 671 230 544 447 720 242 708 321 672 350 394 266 771 177 240 607 385 469 219 681 252 80 457 632 524 163 454 77 504 740 359 249 576 678 796 588 668 600 622 339 176 431 432 585 351 637 700 393 26 690 534 311 531 749 567 45 525 135 329 204 19 247 699 361 308 438 170 648 646 23 738 774 603 236 627 505 332 63 470 437 83 514 732 289 381 165 115 380 124 625 575 790 208 415 664 424 149 157 687 562 416 18 386 357 548 496 264 466 171 185 33 11 565 4 411 112 640 46 459 355 305 737 739 372 702 201 57 382 638 122 203 35 596 644 186 159 499 709 721 64 409 467 314 73 132 685 111 374 110 611 549 209 642 569 377 419 528 345 189 633 789 134 291 118 97 799 360 272 616 404 405 527 138 271 507 143 150 40 250 773 257 1 275 137 725 515 717 42 362 38 299 253 401 298 222 735 44 765 17 753 228 743 480 70 730 369 379 199 556 723 255 20 490 418 136 564 84 324 734 238 107 426 325 629 281 461 517 452 546 559 450 780 251 615 503 521 162 142 574 636 417 537 704 485 376 570 121 696 456 776 610 182 425 440 59 545 47 55 679 206 175 66 654 541 323 303 54 628 472 195 601 775 164 573 69 557 43 594 104 660 617 643 403 413 590 580 65 676 698 479 747 473 482 358 706 375 246 439 657 536 8 60 481 74 750 29 383 125 25 50 779 71 620 14 130 148 673 553 167 287 327 343 624 608 539 612 397 748 373 663 797 140 683 436 91 635 193 433 631 581 293 474 384 344 736 421 49 155 530 592 174 718 129 406 558 719 422 390 410 501 591 694 261 335 127 582 267 353 85 728 53 88 714 39 37 10 445 455 701 759 294 399 435 340 763 595 370 296 347 354 761 194 783 662 319 659 292 368 674 716 212 363 36 352 28 563 554 729 191 31 572 41 586 795 420 113 618 522 86 462 682 460 597 476 707 309 268 224 571 781 493 579 697 427 2 161 356 430 449 623 434 566 131 560 782 742 599 297 754 584 61 119 506 550 745 183 200 21 256 634 30 133 497 276 487 741 715 102 254 56 285 402 147 778 301 51 488 621 568 649 98 364 727 684 458 367 606 263 337 93 412 99 244 787 464 665 519 154 205 312 468 408 691 764 114 318 12 197 62 75 270 552 626 145 232 614 451 768 693 116 705 0 348 478 758 52 766 166 448 334 511 7 670 542 158 533 214 593 414 767 274 72 619 655 90 686 692 786 342 89 76 160 286 711 724 87 667 233 755 128 722 429 330 540 79 512 15 578 265 320 237 96 226 178 677 202 492 391 279 6 146 770 523 555 712 316 223 198 346 726 82 215 218 153 498 95 108 561 798 152 666 234 248 388 168 269 589 278 788 123 526 757 423 656 744 341 34 407 120 483 551 184 772 444 453 283 207 489 227 647 304 58 229 475 302 243 331 639 179 471 428 126 491 280 688 106 173 680 9 713 78 3 277 245 486 791 169 101 313 543 477 282 273 315 187 328 141 290 68 336 792
900;600.004155243;3558;92;69690892.8695652;12977991;125984325;24330076.4837258;0.168485074782608;0.182708351000002;0.162914773000011;0.004106198494391;12977991;583 450 728 785 386 765 373 160 186 757 241 712 642 408 783 610 148 292 873 703 357 205 818 686 365 754 730 834 803 413 228 536 77 3 577 738 539 85 659 101 601 311 469 850 404 575 646 791 294 743 763 2 718 511 406 630 281 69 464 801 549 163 507 644 90 68 589 134 411 58 94 483 216 108 599 474 211 196 119 362 392 288 351 578 81 146 870 551 24 546 265 287 242 852 606 845 300 83 162 322 262 4 468 742 487 590 810 520 472 187 515 291 699 209 178 310 172 250 117 259 890 602 872 38 770 637 891 26 820 30 179 53 155 128 340 73 685 52 758 421 70 125 636 604 694 871 616 344 486 894 192 467 8 460 522 309 628 424 567 325 124 782 490 6 21 443 489 580 813 318 508 166 533 55 811 33 796 552 471 808 466 371 276 615 385 658 230 62 812 593 116 352 298 502 269 708 725 194 137 499 488 633 418 454 103 822 36 74 661 672 63 268 91 634 306 149 112 681 60 221 330 104 618 478 584 895 285 688 280 683 860 420 627 82 582 436 89 389 664 500 56 774 65 156 700 54 562 316 245 605 256 864 531 422 614 740 206 836 317 622 529 370 274 175 896 66 778 692 331 639 157 756 313 339 696 364 786 608 363 5 625 832 476 623 534 366 271 695 684 767 475 477 816 553 784 127 880 231 592 893 333 151 193 189 267 670 844 428 607 795 527 779 612 123 798 576 759 792 9 233 676 669 336 346 131 397 328 632 626 188 29 429 378 220 819 764 115 86 862 719 257 295 49 598 321 824 558 338 122 647 381 395 270 272 766 722 879 304 152 884 494 348 249 72 374 208 161 126 806 237 663 439 282 840 807 735 665 660 260 827 353 513 114 776 324 652 496 415 856 239 541 444 888 23 184 746 521 414 456 817 343 165 387 557 153 505 833 446 308 674 570 479 736 147 697 564 624 720 222 698 530 212 563 516 701 671 394 687 579 25 704 887 648 473 711 568 729 829 631 203 883 794 286 485 213 13 560 16 305 113 279 159 571 210 839 831 843 236 67 214 273 826 425 528 609 861 544 709 849 442 561 417 851 837 518 480 649 402 514 341 204 458 40 780 675 613 106 215 459 46 275 88 853 199 603 497 391 144 375 164 303 809 435 44 96 135 748 482 7 524 828 59 847 61 130 416 797 301 710 334 855 266 129 99 197 34 842 526 401 217 229 723 335 240 793 596 380 727 768 448 750 191 629 388 423 433 109 510 739 585 825 18 799 678 841 198 620 503 361 405 447 538 506 133 253 232 760 721 565 543 617 744 705 815 651 426 407 638 702 183 45 877 379 283 554 591 255 588 105 547 441 641 320 858 559 368 898 532 878 741 20 787 868 342 238 881 885 857 707 87 892 110 412 897 542 64 491 219 80 376 139 327 493 886 875 731 668 548 650 556 656 635 218 800 769 37 753 98 195 673 693 243 865 512 382 258 263 17 716 326 525 95 11 302 141 645 47 714 43 369 169 509 550 869 432 573 682 517 97 75 1 143 654 835 174 777 120 734 726 19 594 296 410 504 138 788 566 244 136 323 848 717 462 867 93 150 611 461 278 724 158 51 595 455 223 277 145 830 846 384 314 771 484 226 790 71 732 293 12 427 22 751 200 201 28 247 154 393 315 805 121 519 171 586 168 600 545 775 737 773 752 535 874 15 452 667 574 882 749 619 290 185 643 866 261 492 409 597 299 501 498 41 666 177 377 772 621 182 234 118 761 690 431 254 655 173 706 437 50 132 111 899 356 755 251 419 863 307 854 640 48 691 823 107 789 264 449 804 329 457 289 140 677 587 859 350 540 92 679 838 181 653 400 225 572 367 396 398 713 78 662 312 248 84 284 481 451 440 202 689 463 354 0 297 358 32 453 781 537 360 438 347 227 495 555 372 142 445 332 235 889 430 345 349 747 102 814 745 10 465 399 821 207 876 27 79 355 581 434 190 359 802 170 42 167 715 403 680 246 176 470 657 523 14 252 31 76 569 57 224 180 383 100 762 35 319 337 390 39 733
1000;600.11909036;3103;84;90444296.6309524;6174507;151282686;26612813.263792;0.193085367476196;0.208332009000003;0.185533144000033;0.004930586064571;6174507;496 162 714 680 910 109 817 727 799 365 750 554 178 424 61 400 498 956 165 796 789 302 643 296 417 379 413 155 521 230 618 960 476 976 509 574 923 773 835 998 623 636 609 276 397 1 326 228 336 871 866 249 713 127 495 754 66 571 241 729 136 615 195 959 242 100 218 666 81 791 256 221 644 325 582 154 533 814 340 477 79 90 418 222 458 884 787 611 784 351 492 937 196 156 446 793 648 637 523 993 534 118 411 10 245 44 485 711 800 844 655 751 385 823 11 994 992 733 710 982 575 34 507 568 965 40 168 75 429 683 143 12 763 30 380 430 892 858 243 323 621 122 447 820 544 715 305 497 483 688 80 113 252 76 248 721 925 930 149 520 240 377 279 911 33 354 818 407 924 339 807 736 524 7 819 281 295 628 581 293 981 837 883 436 946 868 725 372 758 816 472 360 748 343 790 850 888 626 237 587 840 304 140 83 180 811 708 846 449 876 717 24 225 687 261 947 978 288 358 51 591 313 186 893 398 297 25 635 914 198 376 770 347 556 802 780 517 951 135 752 660 842 52 985 596 170 786 89 57 239 922 289 761 970 488 317 940 306 266 771 405 269 599 481 460 342 129 806 504 337 28 590 128 788 311 334 499 404 912 271 756 290 541 832 58 9 944 55 633 659 783 734 673 262 174 670 672 205 35 592 952 518 597 434 206 368 197 119 227 602 324 531 445 2 431 726 146 433 267 244 863 332 466 588 716 480 860 694 645 171 742 613 875 301 374 942 586 463 213 704 223 160 286 462 619 847 926 828 396 834 375 132 85 344 367 831 813 898 486 527 283 968 469 624 68 43 382 779 650 718 22 236 668 827 967 348 765 177 133 45 638 102 656 500 193 929 386 567 182 822 824 341 853 99 270 426 484 18 854 991 219 945 546 653 999 869 185 564 200 54 421 114 857 996 699 664 939 867 855 234 8 260 319 265 723 563 777 478 410 491 510 471 775 273 882 973 935 737 701 902 526 112 29 530 913 420 948 740 202 513 312 553 148 759 440 617 489 661 246 709 333 134 199 542 766 73 432 124 316 584 231 15 164 229 798 631 153 87 760 890 927 216 579 389 274 707 298 565 558 690 163 610 640 762 42 809 32 60 881 515 166 580 453 207 38 299 797 366 330 936 438 263 137 557 423 353 810 676 755 105 674 387 490 203 238 251 294 384 318 275 989 506 548 949 649 622 865 173 608 268 441 870 406 422 209 329 604 310 525 675 920 895 552 115 0 983 455 303 4 776 514 746 346 17 416 254 963 825 724 861 86 120 503 975 792 399 92 519 217 620 928 130 830 335 98 764 805 287 908 493 938 41 962 321 508 464 769 955 27 401 175 646 933 560 630 984 781 442 838 37 722 570 785 147 849 905 589 204 921 639 409 390 501 391 292 284 941 691 954 67 291 505 494 70 259 450 36 516 677 562 272 125 110 974 979 595 21 990 889 916 427 322 309 686 393 934 19 681 845 605 753 829 537 258 551 188 712 117 357 843 331 412 93 627 145 232 528 987 141 315 187 220 26 682 728 395 257 350 74 744 741 459 39 897 782 919 906 439 487 909 84 5 179 731 839 157 121 767 732 848 931 144 536 651 443 689 826 383 95 211 359 282 585 705 538 918 362 616 381 606 757 598 408 142 986 454 997 900 327 738 23 181 964 502 475 953 899 698 278 355 328 864 233 388 794 684 461 522 3 403 59 600 695 361 577 414 151 139 46 874 194 255 593 50 320 65 78 885 856 378 215 482 739 745 547 96 435 437 679 808 812 16 415 663 747 184 549 474 300 72 851 88 371 880 719 702 915 64 107 795 654 972 693 69 573 612 841 201 778 735 561 903 250 13 20 425 108 961 958 873 532 772 277 338 539 364 392 907 31 473 569 576 678 896 226 97 457 804 235 950 167 803 662 138 671 47 594 71 468 111 667 94 158 879 224 280 572 82 555 891 836 352 77 63 692 977 91 208 720 106 402 815 625 706 428 603 550 214 614 169 101 629 131 192 540 669 247 801 307 159 49 176 852 971 470 642 212 363 210 172 543 894 191 529 988 878 607 152 14 730 658 104 877 980 887 886 479 512 189 774 448 253 444 53 833 123 103 768 821 601 370 632 652 183 943 696 264 345 657 966 452 917 451 749 566 48 634 190 559 349 872 285 697 356 957 703 308 685 419 904 932 641 161 901 578 647 545 456 465 859 467 665 369 314 511 969 535 743 150 394 373 583 116 995 6 56 62 862 126 700
1500;600.153826271;1931;26;143692204.384615;93266494;205972788;33465393.0500844;0.311951261076932;0.362090033000001;0.296263355999997;0.013571894903546;93266494;1236 777 9 1430 339 471 1327 151 500 221 285 253 190 59 702 1286 1241 1180 620 674 1282 1492 1225 398 1058 1343 1014 1115 1285 676 1289 1064 206 1033 1395 160 505 695 697 127 994 546 902 1443 848 593 747 349 68 170 286 785 967 1256 1131 1328 960 776 316 635 1365 636 1054 730 1227 1040 589 607 1059 347 36 1455 720 145 806 1143 283 991 752 836 1362 574 434 1394 1120 1103 494 1336 1352 448 553 232 259 1228 1161 144 150 228 1273 1452 552 220 1155 1128 839 424 756 613 225 211 496 115 652 1096 796 743 433 1150 701 1421 726 495 1124 109 58 1423 74 1187 527 669 1288 20 293 284 1052 689 624 1247 841 659 975 135 1355 131 629 1017 1099 1078 1222 825 123 33 1079 1499 353 1163 95 1031 853 1401 29 54 267 212 1130 498 14 1000 957 345 722 512 886 493 309 233 1092 229 904 195 615 854 67 656 121 437 302 603 545 900 618 104 575 814 341 335 1309 962 185 1441 394 1359 213 248 17 974 456 1147 459 485 903 577 324 850 1488 1184 929 1390 1117 1351 11 1491 926 337 890 1467 162 404 662 665 1063 558 356 1253 761 1361 1265 598 1489 532 1475 583 476 338 1021 461 1178 724 1133 223 156 584 987 684 1024 363 1151 425 491 642 874 1435 918 222 32 1026 1409 1478 619 544 186 822 1374 845 1453 330 1004 949 1303 1279 750 1048 143 663 1105 979 778 400 470 1032 641 572 657 164 1404 1126 1426 727 573 1321 958 634 789 580 688 1164 91 919 1330 244 1076 1487 1157 876 711 81 950 518 1425 654 804 692 189 326 729 868 1091 251 1267 204 346 628 1218 1419 303 1108 484 799 861 331 1061 35 1142 1208 1283 1109 137 1371 1221 538 1037 92 87 1418 721 797 1322 1305 1261 197 479 1154 1260 475 733 490 83 1176 712 205 39 1290 708 210 200 359 96 1384 1084 5 924 910 951 426 1465 367 617 47 912 1366 1089 249 1268 1101 1238 23 1464 947 268 555 405 1325 480 1363 769 616 605 1428 236 666 1422 849 709 1410 1013 914 755 956 1313 1173 299 149 906 621 172 872 1125 1034 40 184 643 612 954 1252 300 1002 399 447 1389 1294 27 117 1311 180 280 795 1400 923 1209 934 1022 1190 254 94 604 246 767 1224 1097 483 166 93 879 343 793 1378 1102 410 1104 1038 504 1182 1316 982 215 1434 178 428 1171 1293 1495 945 146 578 1159 3 1379 181 1214 401 79 908 965 391 1270 169 1189 983 41 1486 322 753 791 784 783 533 1473 1271 344 1216 1498 1226 611 101 1018 1244 664 911 1275 230 1463 380 1339 216 15 492 31 264 582 25 1199 997 1062 1127 1201 937 1072 840 568 1397 1287 1 1388 108 768 488 922 1012 113 569 489 869 1181 1329 503 1073 1057 707 313 952 250 414 328 78 1335 740 452 304 1169 718 1427 187 696 44 581 1349 460 1071 1186 765 1277 522 1001 1438 679 238 161 1098 931 289 576 798 980 376 247 332 203 883 595 287 1060 742 972 1306 1144 1264 966 810 45 1326 382 77 852 1206 1141 1398 1245 1139 453 1391 62 80 602 1263 759 1479 866 698 1153 790 481 329 640 813 419 875 1204 1493 637 24 241 243 1284 159 805 1112 536 350 240 154 1132 894 165 199 1070 155 196 1167 325 1205 1240 948 562 548 451 1403 631 1413 364 242 1006 417 1010 260 168 98 601 955 441 377 844 392 288 976 824 988 700 474 110 1223 1470 466 21 408 851 381 557 1471 1408 99 528 1447 6 320 735 625 587 1085 301 319 935 882 245 1233 1281 1005 291 515 830 973 685 921 1481 1266 132 111 999 867 831 1134 1490 653 827 1118 1086 539 141 440 412 774 1185 421 1149 1156 596 514 1029 1297 939 525 1262 1035 917 788 1323 106 202 1088 550 1075 821 375 1074 843 1429 201 1123 1457 792 372 63 360 772 61 529 1345 1194 1456 1466 1269 1207 105 780 506 1138 163 675 1442 887 677 217 175 1377 1009 856 1439 591 1497 1483 450 597 486 944 1251 472 881 667 835 710 1140 1341 1111 1165 837 639 258 306 129 940 592 1083 140 520 600 1368 502 298 52 458 834 311 1162 1338 290 1454 594 1405 1136 1304 235 19 1044 691 207 633 1045 379 1346 794 403 430 968 38 294 183 728 992 323 816 1358 226 1217 100 462 1318 393 1114 465 1280 832 415 1412 148 507 26 1065 1248 395 1302 1396 73 1082 1353 1312 897 678 50 1424 1042 561 1444 1191 716 188 1382 482 1007 118 764 820 308 55 1148 312 766 28 714 884 1121 632 237 423 811 355 682 508 807 704 986 128 1274 1381 686 818 599 1020 1050 86 846 885 454 1212 1203 1450 1113 614 645 1254 124 1476 10 745 378 1315 1107 1458 177 174 1039 176 530 1399 858 396 1090 1166 1272 1069 1446 219 22 218 1100 413 749 407 638 224 1319 905 107 295 1356 606 336 1484 1093 1276 384 862 368 1407 1094 1334 406 464 1016 126 281 340 182 1110 1347 829 915 779 928 279 895 30 1393 516 34 680 985 705 444 8 1047 136 660 1333 873 1348 671 916 1235 585 717 49 152 443 959 1372 1055 1433 715 102 521 499 122 1317 1477 563 497 397 668 1135 139 1220 487 590 809 1370 1179 265 1119 12 690 871 509 429 859 411 358 1242 1367 142 737 1152 371 1385 579 1168 786 554 208 1411 370 808 439 51 1416 899 70 1414 477 1234 731 898 865 1213 1046 860 540 930 1451 770 1246 925 90 644 257 1172 103 420 630 342 1474 1380 1301 418 969 1364 1015 130 531 1023 542 892 478 1440 2 828 803 687 317 1170 1342 1461 209 763 327 1036 943 891 771 953 655 315 1291 276 269 157 567 758 1278 266 261 647 627 1332 1043 1068 694 1437 946 314 588 43 1383 670 435 748 227 501 1337 387 362 996 120 1462 622 198 1027 565 978 817 1137 252 1145 1308 436 933 158 275 402 445 171 610 463 787 907 1340 1258 517 927 42 18 1028 351 1003 147 1229 422 239 826 1025 82 48 760 703 549 193 1158 361 738 134 889 888 815 651 1081 1496 754 775 1480 713 1146 1402 1192 893 819 262 993 7 942 1375 1255 0 354 352 388 1160 1237 559 990 1459 194 586 373 1360 523 449 734 1300 1314 995 513 623 936 1219 153 1183 913 751 648 1257 977 119 1230 173 964 277 658 833 1494 802 383 847 543 1485 296 390 282 1030 566 307 310 842 1469 271 564 1324 1177 998 1195 736 64 191 941 231 114 468 442 1215 88 1198 706 723 1129 416 812 138 1448 739 56 901 693 72 1174 535 53 365 1387 971 609 1175 556 446 1310 773 801 469 1211 1436 1196 823 1373 1417 1472 510 1231 385 1331 1392 1197 1019 263 1250 1249 1415 961 457 1357 112 526 57 116 1193 762 650 1369 1087 909 938 1095 297 1239 389 1056 1011 1210 321 1431 880 920 46 167 855 60 981 551 646 278 65 255 534 1468 725 672 427 369 524 560 683 272 270 214 273 1344 1232 305 366 85 782 878 741 334 1292 1106 863 661 989 348 1188 1320 681 781 71 732 1296 374 699 357 1259 537 1350 800 75 970 1432 333 1386 984 1053 963 432 547 1116 541 877 97 870 1295 89 511 438 133 838 292 318 1420 1041 1445 1200 864 256 1376 274 1449 673 519 84 1049 409 431 1077 66 896 932 1460 13 1298 757 1482 626 571 1406 125 467 455 1307 1299 570 234 1008 386 69 473 1354 746 1243 1080 649 857 179 744 608 719 37 1202 76 1051 4 1122 16 1066 192 1067
2000;600.089548576;1345;13;240822961.846154;178658173;310365251;42546634.6543076;0.439562287769232;0.451889387000001;0.423002994000001;0.00788375126281;178658173;208 518 256 1473 973 885 968 649 1576 1272 1421 677 1055 431 2 493 688 1155 521 1847 805 404 603 254 189 1610 501 865 1738 643 98 972 1217 1298 1396 1469 1492 237 1707 818 1732 106 1623 1464 706 740 1788 110 1013 250 55 205 980 346 204 927 1106 1750 455 1754 1302 1403 801 1825 137 258 789 586 1670 711 515 571 96 420 1224 1428 1215 339 488 217 1976 1323 1953 713 860 1951 1821 1850 1009 155 1612 1970 322 1178 1783 942 1931 1713 1158 1898 1333 540 1687 1956 831 904 971 1913 1711 1608 1173 240 1247 1075 1742 373 1359 1871 342 1141 951 731 600 511 595 1350 135 917 1283 1358 1664 22 696 1228 396 1100 1064 459 732 846 783 1621 650 1169 994 109 302 922 1271 1843 331 1861 1840 1304 1140 1405 405 1716 1390 900 327 743 507 157 1195 241 1659 306 1813 1453 879 1085 1581 156 253 1002 869 1369 599 1870 1636 585 72 1192 124 895 499 784 1910 1680 932 1545 1328 1577 358 1955 1769 685 929 644 1728 1501 1762 1132 1899 1341 323 836 1740 1957 445 1600 1035 1040 1891 1263 1686 195 1940 27 1439 359 1110 1756 1325 1432 1879 897 1204 589 496 572 640 1367 4 1537 121 1354 1778 1121 272 570 1795 107 941 1860 718 1598 807 1131 976 1001 788 1512 311 281 734 660 1503 1270 791 1525 1090 542 703 663 634 172 1210 1556 103 1902 111 707 576 931 1962 294 1991 552 10 1245 186 1973 1264 1530 1368 206 1536 1091 1668 275 862 1288 480 1172 1896 933 1748 705 854 774 1880 930 1523 313 830 642 354 1186 1618 1671 1616 1472 1043 1356 1674 915 1529 1550 934 1166 580 978 314 473 442 392 437 1761 1770 569 1388 1058 1950 1117 303 1832 781 67 1234 579 1844 1025 690 1895 803 1213 723 1209 1493 1591 1974 664 1617 30 430 223 1705 87 82 1340 214 773 232 145 508 1734 646 587 209 1190 733 1183 925 1050 1689 483 1397 1558 1579 1139 178 1720 1235 41 716 916 866 1315 176 498 123 1920 1127 1638 1102 80 1005 1878 1360 651 990 609 1126 882 1280 1639 672 1336 812 88 1592 670 304 1972 1784 1752 287 1630 1565 115 1465 851 1886 620 200 1820 551 24 1640 1733 495 296 796 29 636 1118 356 1267 1285 1088 371 813 1509 40 1312 433 338 559 349 85 1737 1250 1370 1924 1564 1933 786 1520 1773 1771 464 907 1793 1867 1201 238 1946 1457 544 1966 725 1226 798 1023 1658 65 1380 251 1378 821 1571 1552 1491 592 1324 42 1373 1768 1633 1395 624 1404 1774 1995 859 453 1952 1496 1798 1430 227 1180 83 1182 1729 1470 1207 1954 1426 627 884 1764 1164 97 1014 471 370 1815 290 1299 669 39 7 427 269 1513 1398 1570 1447 1757 474 198 1093 1759 1148 364 1407 1015 1231 553 858 1415 1701 1425 38 1364 562 1708 513 886 769 502 129 806 611 1807 800 242 1418 222 153 273 654 1692 529 1163 1599 1252 1294 112 838 779 1382 505 307 772 530 1510 1722 747 735 340 1921 987 185 1901 1327 1818 113 1455 426 389 134 1010 601 1755 1888 28 1801 1307 58 1029 54 158 142 1514 729 1808 1339 163 1507 1349 1872 1485 1052 1096 329 423 1736 170 1034 1095 555 1874 911 954 233 388 1030 298 1221 1038 1174 285 1440 416 1669 1357 1257 395 1046 597 1704 1539 1657 819 1374 736 341 662 1361 305 625 1889 506 169 86 1026 1153 383 1335 398 948 401 18 653 999 762 902 1103 409 1092 1846 955 808 679 1538 116 154 582 267 188 1461 909 964 1502 475 842 1559 190 857 1416 1016 379 1969 875 1099 1554 1983 1760 883 491 1948 165 181 23 1787 744 751 1441 1712 62 608 429 612 841 1308 283 1684 967 1160 1604 852 1413 476 1039 1047 262 35 1179 1799 463 1191 457 1122 1261 947 1978 19 234 1735 1291 1067 1996 966 194 1087 760 873 1296 908 1628 1943 1532 79 1989 1903 877 104 1344 996 1912 1893 1352 1987 486 673 814 1371 461 557 1540 665 1379 226 896 419 1679 658 108 945 1546 1108 1961 179 1731 1322 531 1992 1185 406 1619 872 1061 1375 837 257 1666 236 682 1007 1845 1572 1796 952 581 1568 1419 448 977 1384 622 150 1306 266 539 1316 277 292 1136 1517 1028 309 192 1645 752 75 301 70 280 1198 1785 1353 400 1566 1551 780 1412 151 833 244 739 89 550 1480 835 699 270 775 591 50 168 1803 1022 1111 1334 1490 1237 1919 1997 1589 71 1875 1326 1142 45 737 1524 344 1942 1466 1981 991 1381 1544 683 1200 1314 776 1258 768 1212 377 564 1105 164 1049 898 1471 1842 1505 1498 546 890 864 1823 1749 350 74 353 1414 1848 299 291 148 1330 1366 566 1533 963 468 1963 1775 43 381 689 443 32 604 684 1386 633 182 628 1295 421 120 1086 131 590 1683 547 183 446 1149 1319 1265 1959 1408 720 1868 1700 1400 1938 1862 1151 1829 105 567 225 184 76 385 482 279 1643 1074 1672 449 276 1609 1147 425 1747 1586 893 1673 1605 727 249 616 1816 759 1786 1467 469 1624 335 1083 1021 755 645 674 1260 8 1320 1531 823 829 946 868 114 376 638 816 524 312 514 687 558 914 1266 975 1516 53 1277 998 504 509 1824 355 1583 517 790 1391 174 1626 1960 1338 695 1279 1401 995 1476 1133 1483 1078 1928 393 1292 1284 1484 939 1792 68 1835 912 1990 778 48 3 1777 52 1214 614 528 94 1852 1993 1699 1124 1434 1206 1772 956 1165 1223 173 360 1107 64 91 1535 1984 300 1790 1057 1727 1817 1468 697 1351 166 766 938 1634 981 1059 436 1431 1161 1515 1 1900 1081 1741 1475 556 1437 1076 1802 516 1448 84 5 1864 913 1927 1446 799 1077 1635 607 1794 224 721 191 588 1170 730 397 417 367 652 621 1697 348 478 1230 863 332 1362 1631 386 1667 122 20 1678 630 708 1811 180 657 1849 983 216 1032 867 1892 73 1494 1982 1427 1988 1521 1313 680 1651 1884 458 594 1652 1300 1826 1690 793 1627 284 1276 1220 704 1547 161 1094 81 1019 681 1041 533 1656 1242 1723 255 1593 1985 365 1184 1837 1685 1410 1098 1422 1710 343 497 1504 1594 919 906 13 278 891 408 598 1031 144 1205 1676 1563 635 25 297 1454 390 1949 193 537 320 1065 519 698 887 34 767 132 1068 618 989 1176 452 993 1967 1979 1804 1115 361 1698 577 1487 460 1937 1614 261 1703 1273 1718 1402 815 1239 1744 1682 434 1409 1167 1406 128 1555 1926 997 467 825 308 1511 14 1450 36 563 1254 1714 1479 456 286 310 424 1477 741 1027 1203 66 1585 321 1377 874 1194 1753 605 538 923 56 1575 1629 785 763 1587 575 466 1905 1964 26 1766 413 1647 610 1662 126 228 543 1641 1932 1518 522 1301 1329 1243 1855 1922 1478 1776 1101 439 1745 1197 560 450 1321 962 750 1603 1227 260 1977 1800 444 1897 1063 661 1240 489 119 380 220 1089 1193 15 1834 268 1968 125 1688 901 969 970 1238 1915 1706 749 1229 147 462 676 1399 1436 1584 738 1582 629 447 717 1489 1246 1782 1665 1602 11 1918 678 545 118 534 1033 139 1650 894 639 1642 143 578 1236 1012 1499 246 1894 918 1873 230 617 984 235 804 1125 903 102 583 248 6 368 905 726 1255 910 60 481 1814 666 549 988 1392 1120 494 880 943 1883 850 944 1244 692 9 960 795 1791 243 1858 1876 1923 1199 1561 487 1675 1343 719 702 59 1154 247 162 1331 1580 407 484 1000 1914 1746 771 1393 596 724 985 415 316 1275 1822 1916 337 1613 33 548 1036 848 1649 949 1854 753 722 1171 490 1216 259 1278 1809 47 671 1109 668 1646 811 1129 935 1286 203 37 1632 1661 1836 1134 982 1743 1053 288 535 414 252 626 1073 1730 1721 1442 133 827 77 1717 1567 1958 1157 1481 1739 856 1337 1152 1543 959 1082 1508 440 1526 700 1232 140 363 412 93 1781 1345 1506 1527 1449 1249 1138 387 1841 1262 160 1318 820 352 136 428 326 770 263 1137 369 1590 171 742 61 1317 345 1309 1293 1222 1694 1831 1008 212 1332 1474 1936 95 211 374 568 619 899 1219 1812 1104 777 615 130 928 1128 1865 1887 1488 1606 641 817 472 520 78 1435 138 63 958 197 828 1438 920 1071 1695 1909 199 1451 1385 1113 758 745 1383 422 1119 647 527 274 1709 1175 1719 573 1150 394 1394 187 1411 1939 1269 1348 1528 1251 1908 1017 924 965 1048 1500 149 1569 957 953 888 295 881 141 992 1980 177 1146 1828 438 1780 1693 1935 399 92 1114 1838 840 336 694 510 839 637 12 1653 1069 693 402 1347 454 1187 565 1882 1660 1881 1072 1998 1607 17 1346 764 1495 794 31 317 849 536 1588 1189 1462 797 366 207 1188 245 44 218 712 117 1519 1999 802 659 834 239 1945 219 1458 318 974 710 1156 561 961 362 1003 159 1654 1548 1181 330 1663 1965 1911 1789 49 375 1297 51 372 1202 101 351 492 1486 347 1615 782 809 921 1541 822 1256 1574 1648 1827 728 853 1677 950 202 1056 1601 1819 435 701 1290 847 333 1930 503 1112 432 675 861 1830 1622 1595 1259 1971 667 357 1303 215 1268 441 1208 1553 709 1560 1355 523 541 1444 1482 1859 465 1929 403 871 1917 1611 787 1211 623 1305 870 532 602 876 1143 1387 1857 1866 1557 1767 1218 229 175 606 479 152 1253 1417 937 1779 632 1287 1452 926 1460 1907 1947 512 1097 293 271 167 1443 1758 1177 1562 1906 0 1248 715 1763 1806 746 1681 213 69 936 748 1310 1042 1726 757 319 1941 691 1925 100 1597 1696 264 1573 334 1311 1168 1805 526 289 1975 146 1070 1282 1637 593 1233 282 57 1765 584 714 1241 1877 525 99 1420 979 196 1011 1054 792 1051 1522 221 1145 648 1429 1144 655 844 451 1456 892 1281 1839 1445 1162 1006 686 324 1130 631 315 1363 1885 1644 90 940 1578 1549 382 613 470 1863 1497 1060 765 1289 410 210 1797 1376 845 391 1833 1715 1123 574 656 754 1365 843 1851 1424 1116 411 1459 1045 826 325 1433 1062 418 16 127 855 477 1196 824 1044 1037 878 761 1625 1986 1389 1274 384 1691 1724 1856 1934 1080 1534 1372 1655 500 485 1018 1620 1066 1810 1869 810 1751 1159 1020 378 1463 1079 1853 1225 1024 1423 201 265 1596 46 889 1542 231 1944 554 986 1084 832 1135 756 1904 1004 1342 1994 1702 1890 1725 21 328
2500;600.190354461;992;4;297526196;273550743;334853095;22863043.5792409;0.611102567250008;0.624286150000046;0.597471935999977;0.010593990028651;273550743;1019 2234 416 1698 236 1277 605 2206 2236 1382 2353 879 1369 1847 1145 806 2199 2244 1306 53 1738 1855 155 935 1686 2485 527 852 878 351 93 2379 515 217 2120 1411 2338 445 281 1825 1561 68 2054 1647 353 1999 565 1715 1981 338 400 1302 1271 2343 1659 1530 2191 344 377 609 1637 2063 497 234 2008 488 235 1281 1772 2220 2025 1485 2227 2102 1404 1597 1610 210 1289 580 1073 1519 30 1481 2491 716 2109 1071 1994 1879 1238 2368 618 2017 1971 441 1455 721 1531 1043 808 230 75 617 2259 2035 2233 1857 82 525 1106 200 1802 2190 2490 15 2344 1255 2469 2356 599 20 287 2078 1219 2137 1012 1351 1718 1419 1330 345 1666 166 555 1740 1174 2218 2182 2334 2108 486 1970 1763 1235 1495 2162 1126 910 109 2295 2370 189 944 1323 1790 1345 146 2048 1786 701 814 341 1926 953 1291 111 999 521 584 987 2113 2019 84 5 316 2136 602 939 1958 2288 1869 1267 954 1112 1927 688 2080 786 89 115 1834 1148 212 629 112 1421 962 1620 402 194 1483 113 2318 1211 847 570 1270 1934 825 1322 1908 1053 1973 811 1787 170 382 1497 1798 931 2194 1152 483 2001 328 1692 635 1942 731 1567 412 179 1658 390 237 675 2210 848 1733 106 2093 249 417 760 728 2496 754 976 1451 1712 2260 2225 1517 990 850 1189 149 1623 1202 415 770 2439 1475 1951 432 1299 947 589 523 1292 1628 1093 1569 1944 2297 1600 1950 1443 156 2409 1170 1364 966 998 489 2299 775 484 1275 2133 1015 681 2232 1060 1992 1884 1776 1832 7 2024 830 434 1613 1252 1310 2154 1472 165 1394 318 964 2427 2215 724 178 461 503 1941 1533 385 2448 2483 1051 24 1785 915 414 2364 322 893 2265 1812 2165 787 463 542 659 704 2014 791 927 1216 817 538 1091 727 1453 2129 1856 1240 1502 1794 647 2267 2158 2219 1150 2461 2284 2303 171 742 293 103 876 2075 1146 857 2399 1678 429 1800 548 2076 92 1037 346 866 198 1915 1952 2492 807 550 2018 1534 40 2464 883 177 2179 2420 917 1846 97 1609 1921 175 682 1830 1304 1968 2028 2221 2272 1582 1548 1736 1399 1797 2275 2417 1452 2060 1804 517 379 37 1362 1011 1038 877 1133 1843 1438 1646 138 2055 1420 1184 2428 646 1054 424 518 324 1578 2119 1201 1890 490 2452 1220 1516 1445 375 1341 1441 1959 898 1682 2187 2085 1406 1703 253 1326 1283 143 632 1528 2145 1811 1361 2305 1111 1701 77 352 1781 1505 1248 1975 1000 12 1353 1010 540 1457 1357 258 1972 537 314 1371 387 391 2046 695 241 2200 1545 188 185 1982 1873 491 1469 471 815 134 2412 362 593 450 1402 1550 578 135 802 1592 2459 741 1297 420 2330 1953 1171 1373 2395 2051 1372 986 2360 475 1393 1612 2185 810 308 1604 1225 1186 427 528 1068 744 1103 1521 531 785 1858 401 1709 1337 1454 2487 2425 2155 671 2390 2371 1159 464 1272 2031 710 1140 1863 2175 291 276 304 1910 856 248 2432 649 804 1768 1316 1574 809 389 56 1885 773 661 1144 698 191 897 792 1864 1990 505 302 49 526 1735 104 1163 1580 1354 1432 1333 1886 1669 1541 2144 2314 2217 1711 777 2388 1173 1754 1489 614 311 835 1511 309 2131 468 1356 2058 677 2074 1052 1284 61 2308 58 2029 137 273 952 685 520 1047 2228 684 21 2408 1258 1923 2011 673 1439 1907 2494 1434 994 1627 2270 2351 101 1860 343 782 2380 568 610 2021 224 1379 2367 1244 1553 732 2324 274 2498 769 1650 1572 1638 96 2223 1422 2349 87 36 2463 457 845 1523 2148 219 1069 676 972 1138 1663 2171 1881 1269 911 896 116 41 1986 347 616 2015 1696 1702 27 2006 1261 456 2243 1556 891 1214 907 638 2178 1117 1851 790 566 310 1253 1466 1463 19 1724 1268 2404 360 2418 1124 1262 1883 2125 300 358 2216 1160 2070 2436 2342 183 768 1263 587 1585 187 202 1088 2281 1008 1529 1755 993 2088 122 652 153 2357 1759 516 1680 1027 924 1413 1813 160 558 1410 1139 1594 1796 868 140 748 2375 9 1257 1172 181 1381 1123 1983 1947 1075 1294 1212 1893 2095 860 1989 1618 172 410 2253 2101 1729 1169 1032 1470 2400 1596 1932 460 2082 1639 778 1640 1142 963 250 1176 752 1264 665 2211 1801 801 1380 1210 1205 2274 1967 1704 470 1185 2423 1737 560 359 672 725 1408 1465 1914 2262 2478 1778 1723 2004 81 836 929 303 448 2069 1963 664 226 776 2484 1296 888 151 2147 2333 1852 2150 1478 764 74 2350 2071 1250 1104 1226 498 882 1157 476 493 2381 686 1816 2329 2203 1313 1022 1024 313 246 270 1978 1320 735 500 1762 2495 295 634 2250 871 449 828 709 1605 2337 1793 637 289 1057 1031 1559 1084 1751 648 1494 2389 85 1137 1524 2291 556 1831 1949 1427 1503 2106 895 1687 63 1007 715 1602 292 1912 1247 332 2268 904 837 2393 853 1001 1841 1823 788 2422 903 2196 1305 259 431 1187 932 2460 2181 408 1467 496 1615 1845 1307 455 2149 1943 2037 365 22 873 1900 923 1710 1564 1401 2043 1430 2045 1161 2044 749 1215 1608 2445 1565 1486 2489 2249 1231 167 1180 2022 1154 2252 1526 485 824 1496 1632 478 2226 231 1078 2255 102 1903 79 1977 979 1575 2100 1558 1282 1492 356 127 689 909 569 1866 2453 380 296 2242 2283 1554 65 1665 699 208 1571 436 2411 1191 2237 1642 1726 1274 1449 622 1579 1854 1030 581 781 139 884 2358 738 2172 462 823 992 480 266 2180 1056 220 26 39 2355 606 176 1039 201 123 628 2023 826 1025 1822 1260 1101 2189 1300 124 1433 433 158 2465 354 567 1127 1223 714 874 822 983 1066 1055 2030 621 437 1527 1249 367 611 2204 2116 1400 697 284 1107 511 192 2339 2099 2261 1131 875 1819 870 1875 1385 579 1693 1774 1462 121 780 913 1158 1120 894 645 624 574 2280 1614 242 100 978 2098 502 1446 2391 1835 1023 2376 142 1510 446 1342 753 582 1130 2482 394 1859 228 588 2090 2089 132 1081 957 900 2443 1059 1237 1588 1376 2039 2325 243 2245 214 841 640 1700 2020 2230 251 319 818 205 2321 880 88 1935 1042 908 1767 1757 2183 349 1713 2397 1654 1440 1002 370 2311 440 2157 2323 1363 522 317 2421 2222 1677 708 94 658 1389 1236 977 2440 595 2346 1746 1228 1484 692 206 2214 1468 571 2282 2174 474 1546 2414 2327 763 1327 164 592 1635 636 1837 1894 696 439 2163 260 800 734 991 2248 2073 2335 388 423 951 982 118 34 653 1266 339 1606 2293 1878 641 1766 1899 530 2476 1697 1842 2467 625 559 129 1827 110 57 405 1217 1549 803 2310 495 650 369 1278 662 597 997 1366 798 1164 1667 1335 1560 2289 298 342 371 2455 267 712 1853 1996 669 2352 988 430 644 1387 1108 2493 670 1651 2392 1626 746 2140 2256 3 1587 268 563 280 1224 2247 655 1929 865 277 90 363 261 766 1287 840 2258 290 1997 1077 2416 1799 577 2184 1861 854 348 161 564 1916 1436 1013 995 381 943 38 504 1196 1143 942 2263 1016 2442 2340 1648 912 687 1803 1716 2091 1097 1295 1340 889 2224 1537 1675 1331 2153 827 1213 2111 279 2447 534 890 2188 126 2294 2499 299 108 1624 327 1480 1792 838 23 466 2384 586 2132 25 2468 340 1230 1332 2117 105 1029 1577 1280 755 1956 1694 2123 513 937 1586 1515 1722 2424 1003 2077 980 376 703 1631 1407 396 590 843 1933 2167 1063 1317 2047 459 1591 1664 1895 2067 1758 1044 1673 325 1573 971 1423 269 157 2313 955 2319 1672 2005 2426 1761 700 1695 216 1259 1397 1197 2345 956 2419 844 1507 821 1028 2186 2306 2097 2300 278 1939 591 1872 335 2205 2002 2430 1509 1547 1508 2065 297 1922 1782 1464 546 16 795 1815 2413 1749 366 1688 1882 921 2279 232 600 218 305 125 321 554 1788 209 535 1984 771 1487 1352 1512 2176 407 13 1414 72 1089 1522 1082 663 229 1315 1276 1748 1619 544 128 426 1050 1911 1824 1807 851 1795 256 1645 406 1336 1136 1732 1641 1621 1118 757 948 240 2304 2435 1551 1293 2146 264 98 2208 48 451 729 1868 114 393 1087 772 819 1760 887 2239 2193 739 2032 984 154 1450 472 2096 1871 1500 29 2462 1334 2341 1874 1662 1193 834 2003 1288 1121 1141 271 1125 1034 1581 849 1006 1985 418 222 1901 2301 1925 1590 487 2348 1570 711 409 549 193 1717 1085 961 1865 1290 2170 946 1595 2139 1962 18 1616 1100 438 372 1917 1840 1820 717 2362 47 1987 1234 723 767 2251 2471 1128 508 64 482 2382 2477 2159 1742 196 1156 1370 842 950 1892 2013 1976 829 2479 107 1965 656 1980 2042 1924 2126 1245 1233 1775 184 1649 969 2064 750 2405 447 1829 720 312 422 1966 1707 1848 1720 1020 1611 1204 796 59 713 2254 1183 934 494 2336 1009 1877 1568 2415 1396 2451 1239 403 2056 473 949 2016 783 730 17 1576 1719 683 163 1110 1826 1961 1092 1132 928 1461 2087 76 419 2373 2009 1918 573 1279 1806 620 1403 1360 2374 1744 2241 413 1995 195 469 1182 2406 1080 627 44 1072 357 2135 2271 2302 2124 514 2240 631 227 1898 2083 1555 1538 1175 2052 384 2444 1691 1166 1392 1102 797 975 1017 1062 1699 1821 1836 1319 301 601 2322 1734 561 1652 1708 144 2387 1750 411 1358 2365 2161 820 2195 329 1181 1473 386 933 1065 1828 863 244 399 1447 1256 1162 1471 1192 2027 1198 2053 1780 2396 6 2 1948 1838 378 46 2026 207 1889 1714 1681 465 2012 1460 1405 1094 604 575 541 2475 1490 2377 1165 275 1194 45 774 1920 1706 2079 1689 839 1656 1241 2278 707 557 1359 174 603 70 899 1629 141 1308 145 1105 1428 43 14 1954 78 180 1311 1849 1482 1458 2177 2398 148 2497 1896 428 204 1377 60 1318 2385 2235 2084 1474 2033 2114 1931 1671 918 1979 959 443 2209 1303 1456 435 2266 1499 186 2429 1535 481 2290 1739 1350 1876 1390 1096 594 442 1552 1388 1048 643 2040 2276 2273 336 1014 1725 1312 130 861 2326 1928 1525 1501 1888 453 1891 2142 283 2112 833 2212 1770 2103 1021 981 2143 612 223 2110 2066 1653 2437 722 1668 1773 2474 315 67 545 2312 572 639 1906 404 2050 666 320 1435 2438 679 169 2134 1488 499 1870 660 2363 421 547 881 1991 425 794 1346 1532 1814 945 740 2320 630 1151 1557 152 2049 562 1743 477 1791 1690 989 2166 66 307 1661 1348 0 1195 294 1188 619 583 1867 831 444 1684 1542 247 2488 743 80 1625 1685 941 1355 50 1190 1375 1036 1504 2369 1026 2410 364 1930 147 886 613 799 282 2332 373 1114 2298 2122 1777 1246 958 1536 765 2386 872 1747 1153 133 239 1601 922 1325 1251 368 2238 1745 2486 1945 762 1957 331 2038 552 702 1622 1539 626 736 751 1676 1199 1070 2007 2152 35 2331 4 539 1674 1041 159 1897 1309 1518 42 960 1442 2094 551 1328 2458 2454 706 1343 784 1083 1544 1904 2431 2072 596 1491 1752 846 1095 726 2457 1098 855 2347 374 190 52 458 1730 1636 1367 2160 737 1227 2257 1940 1902 262 633 1905 1265 1543 1946 272 1242 1753 11 805 598 926 69 705 1384 2359 2036 906 1936 199 330 1004 1417 1426 1074 2034 1783 1208 674 1415 719 1805 862 1919 1045 10 245 86 1368 91 221 936 585 1514 1109 2473 1378 254 2317 1477 1563 162 967 1365 1630 2192 793 1412 1913 1298 996 211 1416 1974 1476 1229 1409 668 1583 1817 1035 905 263 197 1058 2213 1090 1839 1683 120 2450 1562 1391 2121 492 238 1134 667 225 1167 213 2433 816 1222 1644 1338 51 55 1633 168 1005 693 2059 1135 2264 2207 8 1179 2441 1286 2403 690 1493 1437 1168 1079 1177 615 1506 326 1155 965 2156 117 694 1254 257 383 930 2081 1887 1479 1347 31 2062 608 758 970 529 54 1329 1769 1603 1593 858 1147 1 2201 1727 524 2287 2105 1207 2361 2141 2296 182 2000 1221 1374 1764 2466 173 940 1149 1122 718 859 2472 2402 2277 985 680 510 1429 306 136 215 1046 265 1119 2246 1243 2115 2354 1086 1862 1067 1955 1731 2407 968 150 2470 1113 756 323 2104 2378 1960 71 1589 1040 543 2229 2127 2010 745 1398 2041 869 95 1444 1818 2202 974 1018 1178 2481 1424 607 395 2315 1349 2372 1049 2446 1209 2285 1598 2168 902 1728 1584 1431 1203 1998 2231 1844 901 1938 1993 1033 1218 2092 925 1383 203 1498 1076 1880 1200 864 1756 1909 2328 1064 1129 131 1116 885 333 509 1301 1418 2269 1540 973 533 1344 1833 1969 2316 33 1513 1386 2173 519 914 1520 1741 2061 2198 1206 733 2480 2107 657 2383 1784 2128 397 361 642 1324 1964 1789 1339 2057 2309 99 1617 1988 2449 2169 454 1273 1850 2068 119 512 1810 1808 1679 2086 334 938 576 892 916 2401 350 691 507 2197 1566 867 2366 1660 1395 536 1459 812 2138 2434 1771 2307 1099 255 789 1634 2164 1599 1321 2118 288 355 1643 532 1705 1721 285 1765 73 651 1779 654 2130 62 678 1657 2292 83 2394 506 398 32 2151 252 1285 1314 623 761 1115 813 919 1809 779 1061 479 832 452 467 233 392 337 2456 920 1448 553 1655 501 759 1670 2286 28 747 1607 1232 1425 1937 286
3000;600.718635697;664;0;0;0;0;0;0;0;0;0;4446475153;1553 1997 85 2205 985 1415 674 2770 1309 824 503 2628 2745 2765 2041 2578 1110 2617 975 490 1873 512 1193 1403 1874 2168 1909 48 2116 411 1858 1106 2084 2514 2217 1254 1313 1625 758 1279 1455 2063 2130 2914 1647 80 2102 227 2317 2788 1740 2356 2107 2171 530 111 2510 1252 2938 1271 2208 1612 2594 1076 2778 2982 1834 1376 390 1521 547 1116 2412 2983 1266 1258 768 1763 1202 1366 2703 850 1824 1011 521 447 2410 364 2845 2777 2829 2885 2911 1083 353 1499 1079 1249 2522 301 2958 452 312 1331 1430 1380 115 1006 2701 1670 2592 2191 1090 2933 967 1999 1061 2736 836 206 1945 351 2574 196 1019 1968 1903 1907 1341 2611 398 2504 1055 2313 524 237 1944 1546 765 1478 1697 847 2892 2142 1956 1398 1641 2652 789 2222 753 2011 1479 152 254 1789 911 2164 1963 2318 287 343 2198 61 605 141 2296 629 131 703 408 21 1035 2640 74 177 2146 2927 367 2374 816 2581 614 1595 1755 1407 2623 1544 2381 369 2560 706 961 658 1913 1709 438 299 291 1392 1501 2187 403 718 1676 2731 1067 193 1833 2112 1668 1655 752 2810 745 10 2700 1786 1467 2470 1879 1738 2583 2338 1877 2879 294 2964 2179 1089 1749 984 1250 2749 1793 337 1677 208 2218 940 1484 796 2881 2307 2735 2647 849 2711 2497 2344 608 883 2616 1385 2654 1052 1442 2178 441 1447 532 2079 2961 2483 2393 2963 2367 831 2275 994 721 2350 1173 1541 2173 2559 518 1714 2953 1902 2103 1703 1200 2934 2994 2596 1940 2808 1520 2071 1406 125 1432 2918 2215 632 948 1522 1068 1188 2820 2357 905 2089 500 2051 342 1926 453 2601 487 32 1893 122 1826 1286 471 1293 2423 1855 1706 1033 2549 2774 2287 858 2416 1868 114 968 2729 2929 99 1306 2415 175 2394 707 495 2847 874 2935 130 2758 1201 603 2751 2078 57 2129 2066 1374 2550 988 1759 2717 1627 696 2022 2922 2869 788 2525 75 2302 2124 1891 1233 1565 209 2203 269 2669 596 2653 594 1047 256 754 1194 1123 1526 354 352 499 1634 908 914 611 2590 1580 1354 1267 1460 1856 554 95 2555 2740 663 1475 1297 2241 2180 1923 1332 827 1648 2912 1710 423 2440 1892 35 864 2059 1237 2727 1153 2459 41 2986 210 493 1767 2598 755 33 1864 2434 686 2435 843 332 247 89 817 2696 522 1036 2547 741 2465 1284 2542 267 2328 563 1235 717 1820 2420 1896 1156 2150 1209 1187 2027 1853 2971 459 399 2597 2618 2035 1628 815 248 803 2008 1135 1525 1324 1154 1128 2704 781 545 1121 1134 366 1846 595 2569 374 2972 993 1910 1599 1831 2904 2447 1226 2710 157 1151 974 421 2863 785 1080 1408 1594 604 2750 290 1760 1101 810 13 327 909 1357 733 607 2670 2204 1927 665 146 2070 2782 1653 1720 2743 414 1794 1734 322 2271 2330 2827 806 1142 2822 888 1396 2299 2221 669 2176 2009 846 1586 1507 2528 252 1559 2190 1302 1400 923 2923 2476 657 1673 1205 2069 1637 2671 2270 2290 1531 427 2567 1489 732 567 1391 62 2556 2695 2806 124 1982 2061 1234 1850 2339 321 1836 167 634 1143 19 2491 1216 1262 54 2417 2376 1845 1682 1059 2821 2378 2585 1690 2349 119 2889 207 1915 2518 497 2798 2507 357 52 1958 2947 2841 1643 1048 2118 1942 1488 162 2247 805 409 773 1924 87 1305 1446 712 2781 2481 60 2094 2856 341 214 1040 1100 1244 1178 138 2341 2858 120 2537 2320 1441 1471 1192 385 2565 2721 1495 1746 1373 1505 2902 782 2563 1743 456 2 823 2229 2083 668 2272 588 314 2776 1355 2801 1339 2289 2258 2038 384 2422 2942 832 640 2105 380 106 2025 615 878 934 1138 348 220 376 2188 1713 945 1239 1457 2109 1389 899 2655 1028 1591 1164 2101 2155 673 2733 2495 1093 2321 2055 1678 2852 2252 687 431 1798 1723 2816 925 404 2175 286 88 1253 1602 2589 1409 1163 1245 1168 2760 2409 2969 875 2864 969 935 778 201 1314 2462 1529 2790 2211 1581 1207 1605 1897 2896 1388 1568 2453 2144 583 1333 2894 2181 2479 2945 451 481 325 2607 358 1840 249 2449 1660 505 2182 1364 2250 2907 2612 1017 1726 11 1272 1882 517 2108 1649 1623 306 258 295 1356 1137 2519 916 1042 2457 1719 851 1014 1329 1181 1465 2793 2404 1604 2281 1298 2764 2214 933 2463 2012 1218 2106 597 2340 1550 1748 2872 1312 897 2713 2795 797 241 195 722 2363 1469 2359 2098 185 520 906 621 2082 2301 1984 1210 2546 2678 313 2433 169 1082 1573 2249 1195 731 232 1145 643 852 300 625 2418 972 331 581 2345 2917 2134 1989 2490 2016 2383 182 2630 2924 1640 1578 381 1970 2687 1866 2152 483 915 2754 2024 1661 363 2602 1024 1051 1852 1547 736 2705 898 2090 675 1615 2428 2007 2575 102 1590 2436 1752 1379 2444 8 2260 862 2288 2609 340 1815 623 2666 234 2888 1872 2209 1397 2224 636 253 285 2730 2564 73 579 2844 2452 401 2952 2895 424 1255 2792 2508 2468 2756 226 2804 2534 1031 2160 2632 400 1353 2121 760 1543 1473 2772 2531 45 268 947 944 2244 1901 1039 126 36 1322 792 1912 1102 97 1606 2532 2785 2921 50 650 860 2391 2132 1119 1345 2029 1075 1386 646 955 770 212 1787 170 2212 2202 931 2901 29 1288 1264 2431 1822 1536 1779 1204 1971 913 2724 2267 1750 1795 229 641 2967 260 461 1098 639 1410 2571 2293 1277 515 2866 1146 1922 1282 2429 1788 198 2372 2925 2850 821 1337 323 787 996 2755 2122 271 776 92 1587 987 203 296 2842 1020 2379 1609 1889 1206 365 2638 1497 573 151 148 507 163 863 221 1642 2143 1805 1004 826 635 1950 2298 1904 2988 430 127 1157 261 460 91 542 1172 2494 1770 1633 2644 15 2201 303 840 2513 1060 652 631 2316 979 1013 1179 570 1299 1919 1932 1445 2276 58 2127 1638 96 1961 2135 1513 921 2516 2882 1785 1730 2426 2455 1413 275 2690 1315 740 506 2259 2407 1419 238 24 1109 877 1404 1552 957 282 1895 43 69 2366 2604 2712 2460 1921 1753 2113 386 2414 1837 1190 1791 243 628 1774 2524 2737 189 462 100 1778 1223 166 2371 1888 1412 990 1175 1037 926 2097 2294 774 1321 713 2980 2326 1951 954 79 683 434 2401 2239 2193 538 477 2080 137 775 2995 2183 2548 1663 513 1744 578 550 1476 2266 328 814 1813 1954 1230 173 630 1211 2032 1533 844 1007 1843 1808 1839 2240 684 2425 2219 2158 1644 1986 1745 2502 1026 1247 2245 1885 1802 1669 213 2854 317 22 1718 2931 445 281 1957 2991 981 288 1847 1861 1768 2365 1148 1115 2362 222 26 510 2040 1835 335 747 1883 2492 1817 800 395 2042 1340 1352 2645 255 1557 1220 2825 1598 1849 1295 2256 575 104 618 1937 1431 2139 964 1069 2361 1443 347 1727 266 2688 2194 1251 2890 1928 2493 592 2685 2232 496 377 1519 190 2657 416 1290 2088 1493 2282 311 834 1107 1664 1214 1381 553 2753 415 147 2752 537 2826 2968 1773 2769 519 989 1741 2759 1437 2382 2954 2332 907 2976 1510 2387 67 2469 1948 1775 1229 25 2297 1600 620 2037 2254 1183 1938 1692 9 1979 2664 617 250 382 1334 2086 2855 1139 1323 1399 1338 70 1500 1851 927 107 2839 7 2789 2848 1217 191 941 779 1626 2529 2045 551 1472 1917 511 2684 2206 2807 2284 2747 1814 1371 2716 1534 2950 1804 31 1916 2456 435 2077 2368 2686 2526 2541 1645 802 1680 17 1480 1742 1428 576 2715 98 2305 920 1701 2351 101 2997 1758 2439 1198 2474 2880 1474 855 1667 223 78 1635 2110 1925 2273 1259 219 1992 2335 1485 1165 2500 2348 2970 2837 2292 1023 1646 2331 262 2030 2228 2397 2451 2329 1159 1118 485 903 473 449 892 2304 2485 1018 2679 2916 1383 2629 793 1378 748 1227 2467 283 2503 1941 1077 2441 978 1081 1696 1147 1769 2805 742 1659 2310 2120 1304 1450 94 942 344 743 1008 2919 1611 1291 1189 200 1620 1065 1486 292 2668 2076 2386 854 2870 1766 2674 1224 1830 642 1797 2663 2739 1360 2184 2741 2128 2887 660 373 1199 676 2562 2375 1300 245 1905 482 1911 293 1287 868 739 2186 2355 2039 2478 1084 2137 316 1967 1799 432 2018 1248 2087 231 695 871 2427 139 2819 1483 919 726 1394 349 799 2883 2621 474 469 2582 2047 612 2962 651 2400 1756 702 1285 1000 1085 1349 143 2876 1504 244 202 56 2384 895 725 577 699 309 2306 654 549 1869 128 64 257 2796 2746 1124 1257 2767 2949 413 2699 835 426 1712 2833 2151 2900 627 960 1468 1370 1160 2131 2586 881 240 763 2501 2984 2010 526 951 1231 637 1524 368 2603 1717 1073 42 2726 2868 600 2446 2959 2943 2073 1043 1617 1426 1881 2269 1328 1729 1818 2830 1796 2123 2291 2148 419 259 217 1236 393 2614 1705 535 2763 302 922 677 2860 2053 83 1920 5 762 457 900 1562 1243 330 812 394 1359 40 973 1728 1995 2408 2265 179 466 1842 109 693 239 1133 2545 2676 2762 1276 2742 798 1470 14 1421 370 1537 751 648 1715 1584 1420 224 2535 2200 1683 2081 1212 1111 2744 767 1088 2627 2800 2836 2978 20 1558 1423 2732 756 1747 2878 1072 2138 463 6 39 735 320 1166 1126 746 186 2475 53 566 837 1197 2587 2195 2174 966 230 2544 1875 1320 135 917 1969 2283 1947 1012 1613 4 2936 2026 939 2303 1716 2125 168 882 737 1618 757 1325 1103 2709 1656 1732 1369 1589 2573 1503 34 2840 546 350 2156 2803 397 2930 2509 734 1918 678 1099 1246 928 235 2315 187 2028 838 1765 2989 2336 813 1898 205 2031 1863 2237 866 698 724 192 2783 1274 962 1681 2477 2757 1184 2021 587 1654 1375 1029 929 2466 1878 1449 1063 2220 2472 1273 1425 829 1492 1976 2013 440 2928 2246 246 2464 1792 1859 2728 1463 790 2857 2651 2223 599 2520 1800 1 2813 509 769 1569 2682 723 2255 876 1693 2406 609 2403 1848 1516 2166 1512 1030 417 1363 728 661 44 2325 1939 1551 2913 2530 1240 1674 2775 924 2706 2786 976 2558 1416 2538 153 857 2572 890 514 211 1996 2853 1574 2092 1256 633 2230 458 407 638 556 2831 1754 956 2248 2527 1487 998 1991 2626 1086 2189 1702 1890 2650 744 1053 2405 1607 697 476 708 2161 2312 1596 1021 2812 1965 1622 584 23 2683 2898 2996 1114 2334 2568 1225 1934 2708 1058 1686 324 946 72 218 2667 2818 113 523 2140 233 544 2815 1801 711 2075 2625 2680 1027 2360 1865 1387 1122 2251 2114 1994 1127 1751 1365 2955 1506 1722 2691 1523 326 1155 2438 392 1242 494 1336 264 904 2268 1444 371 2965 2591 1619 1174 1827 2817 2364 2261 1610 1112 2838 2358 406 1129 1141 1232 1087 590 2424 1402 995 1219 2399 1555 1571 2225 1095 1532 437 121 910 1433 2308 1140 710 172 1361 690 943 1515 2636 2551 2832 1572 958 598 1871 1343 2149 997 1880 318 2458 2419 1330 771 891 1576 548 508 572 1414 1097 2944 2886 885 645 2020 1196 2014 1987 47 671 2951 12 653 63 1022 761 2620 1735 2673 136 475 1652 2300 272 270 1301 626 171 1351 786 1737 90 2314 2489 1825 2263 2787 1575 1624 2377 2322 2005 0 1283 772 464 2906 1771 1811 1477 2905 1393 2771 315 2238 970 529 2392 1985 764 574 334 1032 2867 1545 188 1096 1790 1459 1665 389 1931 2430 856 236 1675 1783 2540 1959 1662 2207 194 1167 1651 2637 2004 2794 1597 1046 1462 2897 1002 81 2019 242 1650 144 616 1514 1429 2145 1411 1268 2610 1347 454 1517 2580 959 307 2859 184 225 2884 2748 2295 1057 2119 647 1535 1564 1621 2605 2871 1838 1724 1561 2920 2903 2153 1962 2065 2987 983 2257 1867 1311 276 2450 2067 2015 1614 828 619 2346 2622 305 1307 528 2279 418 1222 1144 1538 1091 297 1422 593 2862 880 1104 410 2126 589 2552 2323 2843 936 1326 1540 1733 869 1695 2909 1451 2681 1049 1003 1844 273 2566 2533 2049 1203 2185 1310 1679 2720 918 2001 1943 1367 133 1762 977 66 204 1588 1687 2196 2213 1161 1812 1384 442 1688 2577 1583 1554 700 468 1482 1731 1658 84 2865 1427 2169 46 388 2660 2799 2722 117 27 2689 2725 355 811 659 2280 1592 991 1781 2162 446 965 2891 2932 1666 2253 1672 715 2941 284 429 889 2046 982 2940 2523 2369 2487 582 1974 110 644 1870 999 2043 930 2576 691 1044 820 319 360 2506 2085 228 986 1630 1960 1009 155 2773 2064 1821 569 894 2192 1417 465 1062 16 1616 1136 108 873 2600 2512 486 1169 346 2543 1120 560 2992 1946 2396 2656 932 274 2539 176 585 2488 2561 1439 2380 372 859 1125 82 1548 1736 1823 1454 580 1629 1582 1001 2023 1953 1452 30 672 2057 280 1362 1657 2719 1816 1318 2060 1418 2159 2385 2643 2480 2498 1631 1092 662 1278 1966 2642 808 2034 783 938 103 1070 199 562 178 2554 730 2199 2766 1481 586 28 1685 1518 2226 2624 2608 1213 865 2033 2619 2899 2780 1980 1149 2319 2662 656 2993 59 1436 1270 391 845 1841 2262 160 2286 181 329 766 2141 2342 1699 2665 2707 2926 1593 1684 1860 1390 971 2216 2068 667 2411 794 1887 55 2442 2615 1776 1176 2311 1955 1570 396 1601 2172 2570 1041 536 2197 488 1530 1191 716 833 1490 2877 533 1215 1981 2482 1936 1071 2874 822 1130 2631 2797 1045 2937 1317 2395 655 1117 2851 2956 383 1819 2675 1978 1935 1975 289 1208 516 759 1725 2702 1914 952 491 2050 1636 1829 1316 492 861 679 2634 359 2277 2274 2973 2062 2974 132 886 2692 893 1440 1560 1263 425 701 1857 502 298 37 2588 2536 1327 1228 2661 336 2309 825 2370 2698 1900 2658 1502 872 1721 443 1585 1549 1498 2784 1764 478 1377 2285 1319 870 65 777 77 1772 559 1988 561 1508 541 1810 867 2136 2353 591 727 2333 2999 2910 719 2343 848 539 1435 1700 738 1308 436 2849 1434 2496 1528 345 310 1424 2471 2641 215 156 1368 1509 1577 2235 2915 1494 714 2352 1182 2633 720 379 2846 2111 2154 116 2693 1973 1777 2672 1016 2264 308 1704 159 1972 784 1854 2579 504 1807 428 277 378 692 1782 1464 1289 670 705 444 2553 624 2635 76 1930 2104 2584 2738 2791 2234 1034 455 704 1372 2835 555 2511 949 1303 1456 2324 1260 682 1906 1401 901 375 480 992 2054 1395 1949 1694 263 68 610 2606 279 809 2981 2390 2091 543 1186 1711 1608 2998 2100 412 565 2499 2058 1275 1038 571 1054 606 1177 180 2811 568 2233 819 879 93 1180 1241 1556 134 2389 937 2599 2454 2072 2834 2243 2056 2147 2095 1567 1066 197 1344 1990 1566 339 183 433 2167 1952 304 2052 1281 1005 2388 1689 472 450 174 2908 1296 1886 1238 2946 71 154 484 1563 2437 884 164 1632 2979 2413 2648 2814 1876 980 2354 681 2515 161 564 2957 2893 2017 1150 1933 749 601 2948 1977 2093 165 387 1280 216 1983 531 2823 1691 1025 818 1261 1131 1998 1761 501 1894 2096 2517 2557 38 1064 950 2768 2099 2421 2649 2734 1108 1105 1185 558 2227 333 666 1527 912 2036 49 2505 498 123 2761 896 2432 265 1579 525 1050 902 552 729 842 1698 356 1908 685 2327 251 1491 1094 1993 2975 2990 2960 2824 361 1158 2115 2473 830 2718 1639 140 1015 1152 2044 2236 613 1964 1708 2000 527 2117 2939 2163 439 709 1671 680 1335 2398 2177 338 2521 405 1405 150 2347 1438 2828 1074 1784 1542 1899 2133 2048 2646 807 1292 540 2779 1806 129 1171 145 689 2210 557 2074 2697 1265 841 602 278 1170 1603 2003 1348 1707 2639 688 664 953 479 2714 51 1358 2231 2278 2165 2373 1832 1448 1346 1294 801 2659 489 1350 750 963 1269 105 1078 1739 1780 795 1113 1056 1382 402 839 2677 2486 1828 2593 2985 3 362 1511 2802 2170 2966 853 2595 780 2006 1162 2448 1809 1132 2484 1221 142 158 649 2402 1010 112 2157 470 887 1342 1461 1884 1458 2873 467 18 622 420 1539 791 2809 2977 2461 2002 2613 1929 534 118 1803 448 1757 149 804 1453 2694 2242 2443 2723 694 2337 422 1466 1496 86 1862 2875 2861 2445
