method;params;instance;obj_value;time_to_best;iterations_to_best;solution (!=invalid)

sa;2opt;10;105;1.587138436;26422;1 8 6 4 9 3 5 2 7 0
sa;2opt;15;282;3.864445461;66608;7 14 11 6 12 9 4 13 10 8 1 0 3 2 5
sa;2opt;20;340;323.155034374;5447519;3 13 11 15 10 16 12 5 4 18 1 17 8 2 19 14 7 6 0 9
sa;2opt;25;465;652.858700015;10209842;0 7 3 15 11 18 22 10 19 23 16 17 9 4 14 2 6 20 21 8 12 13 1 24 5
sa;2opt;30;589;299.107827737;5735460;3 19 16 0 18 11 14 1 29 17 26 22 25 13 23 8 28 15 2 20 7 12 10 21 9 4 5 24 27 6
sa;2opt;40;825;636.611950548;10699432;38 19 37 6 0 14 11 2 28 12 13 27 7 4 21 31 18 29 3 16 26 1 35 25 36 23 33 39 10 34 24 17 15 30 22 9 8 20 32 5 206 139 151 247 213 226 97 228 189 53 10 142 96 133 209 86 9 28 48 131 215 172 57 176 125 117 27 120 23 238 84 5 240 85 144 116 22 146 212 62 16 129 44 229 166 31 13 122 162 43 66 233 242 21 77 3 145 100 74 55 156 140 155 190 113 29 227 220 75 45 187 170 216 188 79 72 174 201 241 225 102 138 161 40 68 214 232 193 194 219 126 83 127 221 195 109 80 94 150 115 47 107 36 89 168 91 224 56 6 8 249 136 1 19 186 175 39 164 69 65 236 41 180 49 132 30 179 61 237 182 76 243 183 130 105 134 54 234 208 52 34 88 169 128 171 60 7 200 218 248 111 73 99 124 159 26 137 222 114 101 239 158 42 143 18 207 163 106 25 135 149 147 71 177 173 63 223 95 165 51 104 78 4 38 20 167 110 181 108 141 198 0 81 35 2 11 82 203 217 24 157 33 12 153 231 178 202 192 59 98 14 211 119 204 46 118 154 93 123 32 196
sa;2opt;50;1058;565.447305605;10872341;37 24 21 48 8 41 19 44 10 28 2 7 17 16 38 36 18 30 27 3 33 15 1 29 23 12 13 14 20 26 43 46 11 39 35 0 22 40 25 4 45 6 49 34 47 32 5 42 9 31
sa;2opt;60;1371;317.032343664;5366172;36 43 48 9 58 33 2 55 51 30 8 23 17 25 11 34 15 7 4 22 41 3 18 37 27 49 57 38 52 19 20 39 59 54 32 50 29 47 1 35 53 12 42 13 45 5 44 16 46 0 21 10 26 40 14 56 31 24 28 6
sa;2opt;70;1550;21.997295327;361156;46 11 32 15 39 4 2 9 25 19 29 41 56 21 50 43 58 48 64 54 22 68 26 3 35 37 51 61 62 47 1 20 60 65 34 23 44 6 17 66 10 16 13 28 0 49 57 27 53 42 59 12 63 7 69 52 8 67 30 14 18 5 24 40 38 45 55 36 33 315 59 72 34 5 53 145 143 146 87 90 13 36 64 130 30 51 43 78 107 89 105 94 26 70 12 23 138 125 100 93 1 44 41 91 56 76 50 82 67 114 141 48 68 22 66 83 108 21 8 132 42 88 15 81 121 14 129 119 2 46 74 32 126 49 142 77 139 39 116 137 3 111 96 133 52 19 11 61 45 6 20 131 109 31 33 140 27 75 17 84 35 80
sa;2opt;80;1655;23.987463395;395338;33 64 63 55 30 16 62 13 0 25 57 21 48 76 14 9 59 43 18 70 68 46 23 40 19 35 6 3 8 60 58 61 36 78 51 79 4 67 42 29 74 72 17 10 53 5 44 7 69 56 52 2 11 37 38 22 41 27 50 75 1 34 65 54 77 12 32 28 31 24 71 66 49 73 47 26 45 39 20 15
sa;2opt;90;2028;25.601862044;398844;76 26 35 1 59 47 83 79 31 33 67 68 5 4 49 63 46 7 74 32 45 53 16 18 28 2 15 40 55 60 52 88 43 69 14 0 78 12 48 56 57 41 21 10 65 71 6 13 20 62 64 80 3 72 70 51 39 25 77 87 38 30 24 11 81 84 89 29 85 54 27 8 17 58 9 22 34 86 19 75 44 23 61 37 42 73 36 66 82 50
sa;2opt;100;2340;19.677770477;324690;75 64 39 76 2 41 85 28 12 62 19 43 36 33 47 91 44 5 84 40 34 53 88 20 6 56 93 73 80 9 14 68 69 30 97 25 90 59 77 3 70 4 18 13 52 42 67 92 55 81 50 71 98 61 21 96 66 48 78 57 82 51 45 0 74 72 10 46 32 11 95 7 65 58 94 83 89 86 60 8 24 87 15 1 29 54 22 38 23 99 37 49 35 17 27 79 31 16 26 63
sa;2opt;150;3801;21.580783948;402855;74 34 5 120 80 35 81 15 88 83 108 31 109 131 20 6 45 19 52 24 59 72 137 116 110 62 136 135 99 124 147 139 39 90 13 0 127 104 84 119 55 89 107 113 73 79 58 4 29 51 30 69 130 1 101 16 18 102 28 95 10 71 122 128 57 22 68 48 141 125 100 21 65 33 140 27 75 17 98 9 38 144 53 145 143 146 87 93 54 118 7 8 132 42 61 11 112 43 78 148 37 138 23 12 70 26 105 36 64 94 96 133 86 117 47 25 106 40 134 92 103 129 14 121 44 41 91 56 76 50 82 67 114 66 115 63 97 85 46 60 2 123 149 111 3 77 142 49 126 32
sa;2opt;200;4864;355.266084543;5860932;117 127 145 28 96 64 84 48 178 23 92 82 79 152 151 125 191 17 159 190 21 110 172 129 161 77 174 100 194 2 56 27 130 137 99 72 111 63 49 35 131 179 46 138 71 108 83 3 54 29 24 53 146 89 90 68 19 143 173 69 32 22 118 47 122 124 107 157 0 148 141 41 4 87 97 58 180 11 132 135 51 140 94 70 154 168 160 30 115 78 98 37 199 91 8 123 13 50 80 128 85 75 116 144 175 188 9 42 162 33 193 149 121 73 20 155 163 36 109 105 88 10 86 183 147 39 7 60 81 61 184 95 167 153 31 150 171 62 112 189 177 158 133 55 44 45 166 164 197 12 195 40 134 185 142 1 101 43 26 106 66 25 181 156 74 15 18 113 169 14 139 176 59 34 182 67 192 198 93 104 38 120 6 136 119 65 196 103 5 52 76 102 187 186 126 16 57 170 165 114
sa;2opt;250;6230;35.619050781;646274;106 163 244 70 50 87 160 205 112 152 196 32 123 109 80 93 154 229 201 174 72 48 37 67 191 64 199 232 214 68 40 161 138 102 225 217 44 129 16 62 172 215 131 107 47 92 148 185 245 230 15 235 58 56 6 8 121 90 103 184 224 91 168 89 36 115 150 207 197 17 206 139 151 247 213 226 97 228 189 53 10 142 96 133 24 157 33 12 153 55 74 100 241 210 246 125 117 27 120 23 238 84 5 240 85 144 116 18 239 101 114 222 137 26 159 124 99 73 111 248 218 200 7 60 171 128 169 88 34 52 208 234 54 134 105 130 183 243 76 182 237 61 179 187 170 216 188 79 186 175 39 164 69 65 236 41 180 19 1 136 249 176 146 22 166 31 13 122 119 211 3 145 209 86 9 28 49 132 30 45 75 220 227 29 113 190 155 140 156 231 178 202 192 59 98 14 94 195 221 127 83 126 219 194 193 203 82 11 2 35 81 0 198 141 108 181 110 167 20 38 212 204 46 118 162 43 66 233 242 21 77 158 42 143 57 4 78 104 51 165 95 223 63 173 177 71 147 149 135 25
sa;2opt;300;7507;716.856996698;11628799;179 178 269 136 88 20 242 74 46 138 141 23 44 222 275 288 92 65 122 133 197 86 230 177 261 31 260 262 281 156 196 273 11 62 251 210 109 204 76 2 80 157 289 278 240 195 234 89 22 283 16 277 287 176 96 36 163 228 43 185 297 68 150 290 239 21 94 58 32 181 29 131 276 91 226 78 268 47 26 255 57 99 291 182 264 165 227 9 33 284 100 162 155 90 121 232 229 93 15 274 248 265 246 79 238 259 8 98 35 231 102 103 250 294 19 170 144 75 205 112 236 245 191 87 124 7 266 189 207 214 211 208 0 54 175 71 199 137 72 63 110 172 27 201 69 30 280 249 161 38 132 111 55 51 50 193 73 104 18 292 237 252 77 3 39 209 203 296 120 217 241 119 221 142 70 194 83 134 40 101 220 219 10 285 59 139 168 190 293 286 52 24 125 117 198 123 188 127 115 28 85 107 295 49 147 192 282 34 216 48 218 200 67 244 146 247 254 224 108 149 299 60 81 159 279 253 143 14 171 37 298 169 114 166 148 25 267 212 256 151 17 271 235 160 4 152 5 140 213 223 164 84 180 129 6 258 263 105 158 243 66 61 184 225 233 64 118 113 97 126 116 130 45 183 135 206 95 13 270 272 42 154 1 174 41 153 257 82 215 187 167 53 12 173 106 56 202 186 128 145
sa;2opt;400;10474;55.344364134;1069742;198 384 164 97 26 393 86 245 229 105 110 275 269 51 201 218 122 83 294 217 161 2 244 63 111 215 371 79 93 12 228 343 74 151 250 394 350 22 189 247 197 312 240 207 5 163 318 205 69 173 80 68 373 263 257 1 6 379 148 266 65 376 346 177 16 62 112 113 355 121 170 54 347 152 118 134 389 71 179 238 42 362 256 351 100 28 363 129 221 324 375 9 292 334 320 128 385 335 260 377 337 374 168 305 37 233 203 254 19 272 366 144 391 24 261 370 75 270 146 8 227 236 306 212 397 104 66 147 326 159 349 323 178 231 11 33 185 108 36 283 14 130 310 155 166 48 357 386 30 316 353 223 158 142 249 359 140 192 67 214 273 321 279 280 109 114 213 297 253 76 302 243 274 72 44 90 259 124 196 193 183 202 354 296 127 162 367 43 289 381 153 167 101 390 102 314 136 135 235 4 15 276 133 285 47 175 17 150 77 329 340 378 171 91 210 344 169 117 226 216 126 23 41 186 341 87 191 187 315 137 209 184 194 88 53 131 45 7 237 352 246 94 188 288 307 157 336 295 239 103 60 156 58 392 258 120 20 219 81 319 277 99 309 84 264 96 38 82 57 395 241 204 387 342 220 18 327 382 25 49 21 208 234 278 141 174 50 360 332 308 149 123 98 364 200 328 85 304 372 132 154 299 55 301 338 356 281 143 89 10 225 172 182 333 116 160 13 361 255 388 34 195 206 56 145 232 27 317 303 286 115 325 176 290 39 32 95 252 73 251 396 311 271 138 61 262 119 265 222 339 293 181 282 139 125 365 322 29 0 348 78 313 298 358 52 284 300 242 40 59 46 230 398 190 165 3 383 35 331 267 287 180 211 64 107 268 199 291 31 70 106 380 248 399 92 345 330 368 369 224
sa;2opt;500;12693;514.817192219;10760834;67 386 184 225 469 442 338 99 137 91 429 473 317 141 164 175 223 204 342 471 275 362 461 22 359 465 344 95 185 347 420 302 143 270 376 109 453 217 226 353 341 36 495 432 134 466 44 186 268 212 205 85 427 279 487 42 255 93 412 397 26 320 6 121 424 430 402 315 395 228 441 190 119 62 114 368 5 298 381 243 456 286 170 261 301 247 299 448 136 118 104 266 11 494 433 176 462 83 377 77 3 401 172 496 110 474 297 64 457 102 403 443 484 154 221 431 2 269 24 236 439 105 316 209 323 470 455 80 352 336 214 92 252 123 498 311 27 265 60 213 233 364 468 111 63 488 248 499 9 182 322 183 202 142 355 447 245 446 393 292 180 193 250 37 107 45 325 72 55 156 481 259 407 365 40 66 47 48 371 189 288 254 151 139 372 440 191 68 127 384 394 150 251 84 486 276 349 59 449 390 19 81 291 399 54 425 491 332 131 358 410 475 351 88 324 391 304 39 25 15 334 375 144 308 179 280 296 30 10 398 321 313 388 155 21 408 90 489 161 230 238 346 253 444 350 4 166 218 234 160 379 224 482 287 345 203 222 32 124 208 188 483 194 360 335 49 8 285 132 241 171 138 96 476 257 295 51 329 29 428 43 65 306 300 282 46 240 12 197 231 181 309 366 411 33 200 229 165 264 196 227 177 174 328 464 79 477 319 120 215 348 57 38 310 78 113 382 339 157 7 163 318 199 52 458 303 167 128 485 219 69 73 112 256 307 159 97 497 195 239 106 152 28 116 18 354 418 178 133 400 422 273 187 58 281 331 94 340 50 41 478 145 232 305 419 426 434 148 103 108 327 168 416 17 290 293 479 472 274 75 337 14 409 135 417 361 162 467 312 34 23 493 438 436 330 385 147 294 283 244 450 492 74 423 413 20 314 459 140 169 272 16 126 237 158 389 207 76 149 146 392 211 370 406 125 87 356 130 115 284 61 277 452 490 387 173 246 56 258 98 13 460 0 326 1 82 267 206 333 271 396 100 242 289 35 101 454 414 357 363 451 260 53 210 343 415 122 89 405 437 216 70 463 86 445 31 380 262 220 369 192 129 198 367 249 421 374 201 278 235 378 404 263 373 435 383 153 117 71 480
sa;2opt;600;14945;87.944734989;1176455;478 326 305 115 8 517 363 191 462 96 438 120 519 577 595 391 145 539 395 15 458 449 302 109 237 48 267 124 87 107 489 25 300 0 111 375 480 37 39 104 18 16 6 149 599 169 597 118 134 60 165 387 468 365 154 472 450 280 216 69 219 7 440 471 164 411 112 494 196 182 364 156 444 521 585 14 518 88 341 234 563 258 170 86 126 514 467 192 441 217 171 22 583 408 530 339 205 592 455 579 428 481 236 523 24 501 206 123 498 552 493 321 224 79 160 287 558 361 303 270 272 281 358 499 464 368 90 43 185 32 385 105 381 119 495 70 75 432 167 353 232 404 235 356 38 157 243 94 582 204 581 352 101 140 459 50 574 568 176 260 311 386 427 393 23 376 49 295 555 83 559 132 567 162 430 588 227 33 264 315 545 203 283 322 502 463 439 310 133 57 278 541 153 456 130 415 598 383 419 125 273 332 316 407 556 238 549 213 248 504 410 317 135 230 144 17 288 212 122 93 424 137 413 228 117 82 207 329 562 496 548 36 163 177 553 454 544 325 398 26 198 41 566 380 389 142 289 346 378 220 527 522 336 208 327 369 425 405 451 337 525 397 35 47 488 1 547 209 12 596 42 362 512 62 479 251 417 371 106 173 286 373 442 143 148 292 573 320 98 401 400 68 114 127 77 436 108 211 21 304 447 61 66 178 201 520 29 147 540 409 572 372 255 85 175 324 100 296 426 51 421 460 506 319 168 443 359 202 54 492 72 274 194 294 491 210 414 128 155 166 429 328 580 406 399 323 76 262 199 13 334 110 172 350 261 151 263 377 240 150 225 184 515 187 537 252 290 239 63 422 487 526 265 246 384 308 95 591 31 65 53 181 434 576 242 159 394 254 550 74 92 28 382 56 533 214 81 500 333 309 531 524 416 466 245 486 64 229 45 277 298 249 161 564 297 222 241 10 551 233 565 516 507 505 589 291 554 141 59 445 355 247 469 11 340 347 174 152 279 58 345 476 497 91 276 52 307 266 80 116 528 253 532 402 388 131 179 84 269 195 103 102 542 5 575 420 189 586 465 19 543 257 477 593 218 99 484 193 73 433 446 423 335 412 158 223 510 275 67 215 503 453 312 483 457 475 534 366 186 293 44 55 314 343 351 578 367 536 20 482 448 3 349 535 538 560 331 561 2 374 508 285 392 226 89 348 259 9 590 571 27 379 557 268 546 180 513 40 461 490 138 146 188 569 34 474 271 299 282 200 360 221 71 30 396 190 370 584 313 594 344 250 511 139 244 136 485 473 354 301 390 284 4 306 431 509 183 470 357 403 197 437 121 338 452 570 78 113 418 529 46 587 129 97 256 342 330 435 318 231
sa;2opt;700;16954;11.187889739;1;351 378 441 134 189 207 638 389 126 408 436 64 491 380 273 223 298 576 256 676 124 563 268 263 254 694 346 648 342 430 161 464 546 204 611 317 27 615 267 290 539 585 209 664 502 698 32 122 538 4 282 599 220 402 425 241 381 357 689 348 172 639 450 224 34 687 549 76 560 13 677 579 347 444 384 456 251 578 150 544 235 319 287 521 39 574 387 604 177 345 30 170 96 138 588 364 605 406 462 530 53 500 61 683 77 234 42 662 231 20 147 129 131 632 326 165 94 205 512 688 513 465 684 225 383 219 45 44 454 264 494 248 424 16 421 155 642 296 603 467 678 375 407 338 145 596 127 98 229 28 136 141 422 85 65 418 543 443 665 466 252 367 496 21 680 621 331 461 135 541 292 108 532 186 75 577 697 550 74 503 361 116 587 570 446 623 372 492 239 565 255 557 423 597 618 114 113 275 624 169 81 14 393 340 339 661 435 322 359 2 80 448 167 353 499 480 29 558 132 511 66 78 413 49 602 481 415 143 667 162 37 398 652 365 657 82 508 427 522 669 631 493 109 640 556 240 564 323 432 699 397 72 554 468 174 609 271 519 459 103 43 185 675 414 410 304 52 681 68 111 469 495 246 308 51 160 486 313 352 391 668 507 48 312 524 60 140 625 356 50 237 183 7 362 320 608 279 238 504 569 154 18 278 434 311 533 455 3 477 329 536 659 382 517 679 142 59 40 336 233 217 649 67 614 188 628 682 482 654 693 200 227 283 300 325 479 537 651 535 178 403 102 15 540 146 168 527 417 151 139 672 379 294 471 616 31 309 221 262 100 218 91 590 110 249 568 17 184 164 633 562 635 215 230 488 483 194 83 371 617 226 433 55 366 394 337 526 601 157 175 117 509 335 250 472 70 542 643 575 453 591 199 622 159 607 95 666 236 321 484 343 315 105 534 11 166 368 261 12 197 460 344 561 392 619 395 439 38 23 247 411 674 686 277 571 5 584 594 305 99 191 36 350 551 629 258 198 636 158 647 399 137 92 489 148 695 303 171 437 291 518 354 655 128 341 232 645 555 440 212 244 90 133 123 265 79 429 270 149 257 386 520 9 690 396 630 426 531 390 650 497 553 658 253 295 485 377 401 293 106 613 334 112 196 152 56 525 545 125 373 653 88 201 86 626 87 306 458 385 58 449 409 328 592 369 316 612 374 438 419 93 179 581 363 478 35 181 299 118 107 470 71 176 180 593 428 307 646 514 516 501 475 412 73 69 376 670 600 582 573 10 214 452 388 463 447 515 1 182 24 120 26 97 476 498 101 370 330 404 510 84 548 627 213 203 192 567 57 349 276 333 696 637 119 301 451 673 19 242 41 442 8 473 589 552 156 281 598 288 206 104 610 46 457 153 528 195 269 595 285 327 360 505 506 289 523 324 130 685 202 274 566 210 211 260 222 302 474 187 47 620 487 431 445 671 121 641 272 420 583 559 606 355 243 22 297 663 115 580 62 173 400 54 529 25 314 310 63 572 318 644 284 660 0 691 190 89 358 332 547 163 259 286 245 228 266 634 656 208 144 280 216 193 586 33 692 6 490 405 416
sa;2opt;800;20072;671.304081875;12379107;397 510 389 502 769 521 503 487 504 77 454 514 352 36 323 303 759 42 717 682 772 396 745 550 506 119 61 144 322 627 505 332 594 104 660 228 129 718 777 653 589 524 359 264 792 583 657 536 330 540 79 584 754 297 654 66 178 179 443 689 27 260 508 283 207 513 428 535 761 194 615 227 489 548 496 162 142 695 613 368 600 298 586 797 663 373 78 333 22 350 394 266 705 72 619 655 90 686 626 552 439 363 212 567 45 616 404 715 741 642 209 549 159 348 340 265 742 782 308 361 231 588 666 727 684 458 367 206 679 467 314 73 515 725 582 267 491 126 731 100 288 603 236 166 766 52 632 386 674 719 422 341 34 113 618 522 86 732 355 413 512 435 696 456 658 153 498 164 728 53 97 631 744 672 675 466 704 537 56 254 315 324 723 697 157 507 271 249 776 610 182 110 374 111 685 416 18 133 30 780 251 141 290 692 649 98 306 258 564 161 356 430 316 223 198 421 49 235 392 222 573 585 168 269 494 669 67 192 134 789 633 711 434 566 530 799 339 622 405 785 446 390 349 320 734 238 305 738 376 485 523 555 712 541 281 579 225 241 651 455 781 493 138 677 362 38 357 317 304 647 239 533 311 671 478 758 793 219 681 252 693 576 60 8 403 638 382 676 698 230 262 156 185 765 743 19 204 329 135 525 716 601 35 203 757 423 656 628 54 563 136 418 167 553 784 518 87 431 176 63 277 3 369 570 95 327 287 399 183 338 279 740 694 794 735 65 519 775 360 272 625 670 1 275 137 127 787 497 637 453 92 391 200 328 245 44 474 739 703 336 70 171 310 609 748 173 630 612 221 590 597 788 20 490 560 122 667 268 768 11 210 483 120 407 270 75 62 197 774 648 634 353 383 143 554 729 232 145 706 375 246 444 195 763 595 2 427 261 424 664 415 208 790 575 471 318 12 351 132 32 495 117 83 294 244 623 449 149 184 140 683 436 220 213 463 88 13 160 286 520 650 700 55 47 592 406 372 558 51 488 621 450 710 172 284 408 598 196 121 409 452 517 461 470 437 69 557 43 0 661 400 602 678 796 477 543 565 202 256 21 131 445 387 442 604 762 234 596 295 532 224 468 551 783 473 747 798 216 211 217 645 629 105 699 534 118 291 599 480 572 41 398 190 175 501 591 278 28 587 516 293 581 335 57 82 773 250 358 482 438 302 402 639 331 465 259 432 724 659 319 662 574 354 733 285 720 447 544 531 749 384 108 561 640 46 459 760 29 165 115 380 124 150 40 300 472 545 188 296 370 462 276 771 509 181 529 500 107 426 325 562 687 116 23 99 412 218 237 96 226 346 379 199 556 243 484 85 170 174 713 9 701 730 343 624 608 539 750 74 481 7 511 215 646 752 577 365 652 307 158 542 779 795 420 39 714 253 746 112 726 411 4 486 791 326 201 702 59 440 425 736 347 342 786 147 299 547 103 80 457 395 385 607 240 177 321 708 242 48 289 381 764 691 755 233 611 635 193 767 414 313 499 709 721 273 282 475 644 186 312 469 24 441 191 31 451 614 37 10 605 526 123 665 464 636 417 71 737 139 151 688 280 643 617 690 26 778 301 673 148 130 14 620 128 722 429 205 154 528 419 377 569 344 538 527 68 106 448 568 559 546 433 756 25 50 292 229 58 15 91 64 345 189 76 89 257 492 114 364 33 94 680 580 6 248 476 274 388 366 180 378 247 707 309 593 214 410 753 17 16 187 401 169 101 102 152 479 334 578 125 770 146 668 109 606 263 337 93 460 84 81 393 255 751 641 571 155 5 371 163
sa;2opt;900;21146;20.025621797;1;35 319 337 40 231 516 701 616 871 91 268 63 111 132 688 42 171 719 631 88 123 612 643 773 876 862 206 846 384 896 390 689 418 454 511 611 150 317 700 489 207 821 775 737 552 748 785 728 60 681 328 692 778 735 665 660 724 128 357 703 873 879 118 761 690 431 445 142 271 695 684 767 411 134 892 254 94 58 850 404 326 398 776 356 755 559 90 68 179 53 467 192 716 788 723 229 217 720 261 483 216 834 803 820 240 793 596 380 769 37 298 502 614 874 162 151 333 893 772 621 182 26 891 358 32 453 110 503 296 424 567 325 66 430 889 235 332 385 615 276 742 249 624 164 829 867 93 24 551 677 140 395 792 9 233 82 627 16 305 113 366 386 70 75 1 759 576 798 610 148 817 343 760 709 849 585 825 474 274 102 747 55 533 515 532 608 786 89 389 664 669 405 670 604 636 481 451 106 629 69 473 369 577 397 335 711 247 154 784 553 781 804 387 557 487 698 277 39 590 388 860 286 18 352 840 560 637 221 172 31 259 3 61 200 450 583 685 861 609 528 668 733 607 795 28 579 232 694 725 887 648 185 290 619 749 409 597 299 898 368 471 808 734 726 19 301 710 334 855 851 500 768 740 159 571 754 523 137 838 228 413 288 351 242 600 348 589 346 336 644 507 163 375 160 587 859 566 244 506 133 422 425 826 239 661 338 421 714 537 360 897 542 423 433 109 177 377 743 294 791 361 347 751 22 525 95 379 412 655 173 706 72 13 584 895 188 626 478 618 222 4 468 119 362 812 654 143 146 870 44 96 204 341 683 429 679 144 391 452 15 678 49 295 257 396 190 359 811 370 529 622 836 639 157 707 87 884 152 354 0 297 894 486 765 572 367 275 155 414 828 59 847 444 230 339 457 38 872 675 613 645 745 10 465 602 853 601 311 234 580 495 555 372 492 632 41 498 501 227 350 540 770 100 448 832 623 426 651 815 635 218 112 526 842 34 197 212 258 382 659 101 312 248 84 284 544 321 598 316 138 278 731 563 774 539 738 477 816 440 202 848 717 462 640 647 381 441 292 238 730 306 149 599 120 156 255 591 554 667 696 127 550 869 561 2 80 219 287 620 198 476 250 578 76 141 365 410 504 882 168 475 641 512 865 582 436 708 269 581 121 805 315 371 417 376 139 756 313 20 6 21 443 220 378 399 136 594 856 605 401 400 653 843 682 517 530 799 322 262 522 460 505 153 835 899 818 686 763 464 189 71 732 67 214 273 108 824 545 718 883 8 383 419 813 574 135 17 263 470 183 45 125 85 558 479 62 43 676 827 538 531 864 256 97 225 279 203 794 253 267 831 46 124 782 490 491 721 565 588 314 771 633 562 199 283 251 131 29 181 461 211 434 646 575 437 92 549 213 485 303 809 435 330 104 779 527 65 117 122 687 394 671 801 739 510 857 568 729 888 23 184 5 363 36 691 823 302 11 469 307 854 170 802 800 25 318 508 442 73 193 674 308 880 266 797 810 260 323 513 114 169 650 548 27 868 787 456 543 355 393 814 226 484 175 727 52 758 488 499 521 493 715 403 705 541 534 744 617 191 672 652 496 349 166 455 205 592 105 427 438 291 662 78 780 446 246 494 536 713 280 324 586 863 514 402 649 796 320 858 519 783 408 642 116 223 459 547 790 64 482 7 524 243 158 666 327 187 463 196 570 270 236 822 103 176 704 99 129 364 310 752 603 497 625 304 789 107 595 51 447 806 237 449 264 161 126 285 406 630 342 833 373 282 165 48 178 736 147 697 518 628 309 293 12 353 167 699 209 877 535 392 432 573 340 564 885 881 130 416 680 634 415 420 750 480 115 764 98 753 344 272 766 722 830 145 702 606 837 807 208 439 777 174 81 54 74 839 30 331 57 77 79 86 50 33 638 56 345 186 757 241 195 673 693 741 878 852 194 83 300 845 593 428 844 890 657 556 210 663 712 841 215 546 265 329 466 374 509 875 886 819 658 746 289 224 180 656 866 47 569 201 407 458 252 245 472 520 14 281 762
sa;2opt;1000;24399;20.025461235;1;156 446 295 628 260 319 265 999 550 214 420 948 424 61 784 351 101 169 110 974 318 384 274 612 760 87 677 174 670 491 918 362 194 874 83 180 915 702 43 68 624 923 403 59 600 960 13 213 803 167 950 604 329 209 773 687 261 335 22 236 666 218 100 462 519 614 704 223 288 533 814 340 330 366 797 513 743 150 17 416 254 963 613 382 294 394 373 263 137 557 38 120 134 333 327 521 864 233 388 398 893 806 129 347 556 802 395 46 139 314 369 842 52 985 596 437 716 609 310 538 705 585 846 449 876 852 9 299 669 109 817 641 161 621 0 983 216 579 853 995 6 320 50 48 634 664 939 867 742 171 930 149 799 172 210 86 861 954 207 453 300 768 103 592 952 466 332 474 534 993 523 953 899 698 278 355 328 545 115 438 920 675 723 19 81 741 744 565 882 273 240 498 400 192 540 711 800 554 750 671 430 892 82 524 775 796 165 777 563 740 225 436 883 837 14 410 289 922 302 789 433 894 648 637 290 793 580 211 472 428 865 173 633 718 572 413 79 321 870 441 551 266 55 105 483 407 365 481 405 771 35 179 269 676 810 553 65 237 709 450 36 872 610 146 275 862 62 119 422 574 509 714 376 198 241 729 547 851 72 123 497 616 381 606 757 598 408 589 418 90 267 582 325 57 239 133 905 849 813 898 486 673 734 660 752 135 463 684 841 421 54 200 283 968 217 175 998 548 735 561 277 772 868 114 726 431 360 748 866 871 249 713 127 132 994 342 460 719 246 661 281 819 7 682 728 921 204 949 957 356 721 654 692 869 185 564 996 699 279 607 878 988 296 780 168 75 429 91 977 183 745 426 270 99 761 873 532 492 937 196 686 309 28 590 131 900 255 593 639 63 77 3 118 941 834 599 71 769 955 27 305 715 848 801 247 154 731 40 965 264 345 657 956 425 108 961 958 629 452 966 979 595 392 783 577 414 940 317 488 835 49 159 706 495 432 124 476 605 845 681 409 193 251 235 683 926 828 506 586 942 925 187 396 951 517 157 526 902 2 477 227 602 67 291 399 792 911 33 411 10 617 489 877 104 630 24 423 947 978 536 206 434 597 518 138 662 188 722 280 224 95 107 64 964 936 620 655 668 827 967 938 493 908 984 51 591 268 785 570 584 231 15 74 980 177 765 348 850 910 160 306 858 243 917 739 195 615 130 928 58 622 649 576 569 473 880 371 88 824 779 650 794 307 505 544 162 487 439 608 854 18 484 696 943 514 746 346 44 485 354 116 454 322 427 916 959 242 140 304 855 234 8 500 991 219 69 717 636 971 525 378 215 303 4 262 170 730 732 767 121 919 782 897 357 667 94 644 367 594 611 787 250 811 92 537 829 753 831 151 583 603 435 507 972 693 257 350 822 804 286 809 32 222 458 665 467 859 465 935 927 890 807 736 588 678 857 153 383 826 689 788 311 334 111 468 833 53 737 701 417 256 221 368 685 419 904 932 695 391 292 284 387 674 331 45 229 164 962 41 128 297 25 635 531 929 386 631 358 839 510 530 847 619 181 23 39 459 786 89 220 26 578 901 843 690 558 244 863 691 640 178 11 823 372 202 56 776 478 145 502 230 316 143 770 934 393 73 315 308 703 443 469 389 102 638 496 700 126 21 990 889 542 946 406 125 272 359 282 475 323 973 680 112 913 844 832 152 914 42 552 895 541 651 339 412 20 836 352 896 464 781 708 885 78 645 694 860 480 766 970 313 560 29 501 385 461 543 341 562 906 248 494 559 349 798 571 821 601 253 444 47 361 646 390 30 626 888 812 16 312 724 825 656 285 830 931 989 344 546 945 992 733 190 658 380 986 142 982 575 34 653 539 364 727 147 712 205 672 176 445 567 182 879 997 208 720 106 815 402 271 756 816 573 820 447 85 252 144 31 907 293 981 401 707 818 581 520 875 568 374 754 522 324 790 343 976 93 762 764 805 404 725 226 80 479 512 97 482 238 933 697 504 370 122 549 184 258 298 37 838 163 791 710 751 363 337 856 623 456 96 508 60 759 148 924 189 774 375 117 529 191 457 535 944 679 795 527 338 587 840 659 440 98 643 166 555 470 455 451 749 884 245 186 747 903 287 199 891 625 471 379 969 511 975 503 886 887 76 909 755 66 566 448 158 642 212 301 70 259 778 201 808 353 647 912 499 1 515 881 141 987 528 232 758 113 228 336 136 377 516 12 763 618 397 276 738 688 155 415 663 490 203 197 627 652 632 326 84 5 442
sa;2opt;1500;37735;707.110036253;12681273;586 194 1185 1202 37 719 608 356 558 1063 1400 923 1209 508 807 704 874 710 1140 808 370 314 386 1008 446 1023 544 186 868 1091 991 899 1416 514 674 1415 1249 319 1208 1283 937 1201 1127 795 280 180 802 424 782 85 366 305 307 310 842 190 59 252 572 1484 336 553 1198 48 82 848 1443 747 986 128 555 1176 982 545 1194 1345 1425 682 355 811 770 1246 1235 585 530 948 1240 1320 681 1071 1478 765 1186 438 1048 143 658 833 743 433 727 1084 5 924 931 289 576 1262 587 259 1059 347 264 582 1458 1107 1315 378 745 10 330 711 876 1157 284 1034 351 1028 184 643 612 928 779 439 51 1399 858 886 493 360 866 698 214 531 212 863 244 454 800 75 1497 591 853 120 456 974 539 1086 210 1129 1064 303 448 1175 731 898 865 1213 888 815 187 527 1187 74 1387 1344 1232 1468 534 255 57 526 701 1421 726 548 1135 139 140 1424 769 1363 480 1158 193 549 556 1331 175 1360 373 115 496 712 205 39 1286 1079 1499 304 1196 817 1137 1457 63 1205 325 1167 196 1007 1056 1011 650 1369 1475 583 1226 142 1138 163 675 669 623 513 791 784 61 279 759 744 402 1413 384 1121 884 895 551 500 1498 780 105 1207 1269 677 887 1047 136 1171 932 896 900 1203 313 1287 234 852 1206 1141 8 644 90 342 630 420 518 707 248 1435 918 839 321 1210 273 292 318 1420 84 1332 1043 495 880 819 893 845 615 195 904 768 108 183 728 1277 522 617 367 1151 363 161 238 326 1310 773 869 1181 1441 394 1359 60 994 1172 257 668 256 864 557 756 1150 619 291 515 875 1204 1252 300 625 735 320 6 1447 945 1495 1293 1353 1082 73 1396 1302 395 1248 1065 426 1465 1182 1316 778 979 1105 957 1098 293 323 992 1037 538 640 813 836 207 691 1044 19 235 294 1075 550 578 1337 501 1466 1364 1015 222 32 358 411 859 429 1062 997 1199 676 1258 1288 20 781 940 592 1334 316 1003 1376 665 622 1429 843 419 262 1222 1078 652 483 554 926 1491 1057 967 906 141 308 820 274 507 794 403 430 1488 1228 891 199 1328 1449 435 1401 528 1072 502 1368 762 968 1379 736 989 66 1313 1276 890 1467 588 1077 806 145 329 481 1166 1272 1069 964 1216 695 505 160 79 996 362 387 1398 1118 827 703 621 1486 322 405 1325 1103 1120 1394 155 1070 1383 43 962 185 343 1041 533 1215 442 542 930 598 352 354 353 803 828 114 164 993 177 970 400 1174 716 188 45 810 966 1494 200 633 1112 805 159 423 401 953 88 97 1417 198 1027 1180 221 1402 1192 1033 206 464 201 263 125 467 1324 1177 1191 217 1236 777 65 916 1462 338 271 1469 1481 1338 1162 148 1253 12 1314 995 1358 1184 492 861 824 976 1153 216 15 270 272 683 451 406 173 977 1257 1114 33 243 1284 1038 504 672 862 516 1393 30 368 651 1081 1496 1321 565 908 965 391 1352 1340 983 41 475 733 607 40 973 830 409 431 687 317 253 285 851 408 789 1403 631 616 822 153 1183 1308 436 761 1361 1053 984 692 189 348 249 1339 1470 872 1125 490 369 1267 871 1013 914 520 758 21 466 1306 809 1370 696 204 111 999 1304 620 174 949 1485 27 1173 1356 606 1145 972 552 365 127 673 519 844 361 381 1238 511 933 311 834 458 77 29 110 963 432 299 341 1373 250 172 410 1102 1378 1473 1271 344 396 70 1021 461 1178 946 787 265 1049 821 1237 1160 388 954 1280 577 738 134 889 179 1256 298 1341 1161 144 1012 1427 718 1169 1474 1380 220 1155 489 1349 460 536 350 732 421 1419 1218 628 470 1032 641 452 1322 1455 767 1351 11 1270 713 1146 1254 124 1476 106 202 1088 227 748 873 1333 660 150 17 416 28 1152 737 741 878 645 209 1461 1342 1170 211 939 1297 975 832 664 1244 1018 1329 503 1073 763 913 751 648 1111 1165 1290 708 569 113 78 1335 1326 754 775 1480 955 441 678 897 1312 998 812 1188 1412 415 147 1433 715 1076 567 157 570 146 1479 152 49 462 100 1217 226 239 1245 1139 94 604 1319 224 638 702 158 449 523 116 1193 1452 427 922 497 563 268 1432 1330 345 182 1110 301 364 382 359 1384 327 1036 154 240 58 109 792 372 1436 1211 357 96 91 919 1483 494 1336 1354 1448 739 1214 1381 1274 559 990 663 1229 422 720 654 1343 1260 1428 605 1001 1453 1233 934 1022 1251 944 101 611 941 191 64 1219 936 55 1148 397 950 81 705 169 69 473 774 137 826 1025 76 1051 1190 589 346 1095 1437 694 1068 1168 133 838 860 740 506 521 499 488 287 595 1104 1179 562 883 564 335 1395 1282 445 171 610 750 1279 988 700 474 981 1220 1108 339 1409 1156 1020 1255 1123 1404 281 126 404 662 1241 1292 1126 1374 894 165 1004 1371 1392 1426 901 1074 375 22 218 1100 938 103 1122 1061 1281 764 574 434 1442 1263 602 1444 1097 80 634 958 72 639 1410 1454 697 231 841 1247 1026 233 978 283 1143 1136 1405 121 1250 46 920 980 798 122 393 1223 0 334 1289 389 1085 1490 1377 478 752 835 667 929 772 1087 1472 44 581 771 956 755 847 543 679 1438 117 371 440 985 13 213 56 1006 417 1010 657 232 62 54 1291 444 1375 529 1149 312 1239 297 573 1031 1422 666 333 1459 535 36 463 693 447 487 590 1050 86 846 95 525 170 162 383 799 437 302 603 730 1261 1305 661 1090 594 596 92 786 89 1046 837 877 541 230 1463 1019 1197 1397 340 831 35 1355 1318 428 1273 228 1124 580 477 1234 823 242 600 1265 624 392 1242 1367 1278 266 261 197 176 1039 879 93 1350 537 476 1489 1386 251 1243 746 246 609 566 766 1493 790 1264 546 902 267 149 804 753 203 332 247 181 793 911 1212 31 1366 912 479 1154 1128 690 637 24 241 328 414 407 749 649 1347 829 1423 455 1307 1299 1230 119 443 1221 671 1348 1000 14 498 123 825 1300 734 646 278 947 1464 23 254 50 1093 18 818 599 277 1163 258 83 236 38 1144 178 1434 215 1066 1014 413 390 1285 1115 635 1365 788 1323 104 575 814 925 337 138 560 1134 295 907 1109 647 627 16 245 882 935 288 471 1195 1067 192 9 816 943 714 47 349 465 910 951 1029 796 1096 306 129 1054 1094 1407 909 1189 26 1471 1408 1080 1142 1131 309 1132 870 1295 1106 969 418 1301 626 52 684 987 107 377 68 579 1385 2 1440 1317 1477 721 1418 87 1487 885 656 67 854 1346 379 1045 1430 1362 532 468 723 706 453 1391 618 614 1113 1450 892 1431 517 709 849 742 1492 1259 219 1446 1275 915 282 1030 961 457 1357 112 1055 166 99 290 509 699 686 3 1159 1130 1089 71 1268 1101 881 725 760 1382 482 1439 237 632 4 1414 1164 688 855 867 1266 132 1460 1002 399 167 53 1406 571 1042 561 472 450 593 102 797 25 597 1309 1060 130 1225 398 1058 1296 374 324 850 118 670 540 1035 917 135 636 729 1294 1389 1099 1017 629 131 1092 229 1327 151 412 1024 1227 1040 376 717 659 42 486 7 524 857 484 275 1451 276 269 385 1231 510 642 1005 547 1116 613 225 783 208 1411 942 1016 921 685 952 286 785 1298 757 1482 905 1119 927 1388 1 689 1052 1390 1117 724 1133 223 156 584 960 776 1224 722 512 840 568 1311 425 491 469 801 601 98 168 260 331 1303 1456 1445 1200 380 296 1083 680 34 653 1009 856 971 315 655 1372 959 1147 459 485 903
sa;2opt;2000;49414;142.691171564;2018216;1060 652 367 1583 355 1824 1269 1348 850 944 1284 1292 391 845 1376 1432 1879 698 519 1065 320 793 1690 116 693 1069 1395 243 1791 251 1380 970 969 1436 1399 676 1777 1125 872 1061 703 1345 1506 1527 1449 734 281 128 852 1604 1160 967 1681 213 69 936 748 1310 1390 1700 1400 1277 998 504 509 1371 1556 1473 973 885 968 649 1576 1678 20 876 1480 1646 811 1129 935 1888 1755 538 310 286 160 1318 1361 662 341 824 1044 1664 1358 918 1873 774 1880 930 1485 413 1647 1230 521 1155 1115 361 1698 577 1231 1694 453 1952 587 1803 1022 1111 1334 1490 635 1623 106 1732 818 1606 1751 1159 218 712 1731 1322 757 1119 422 1209 1493 1094 161 641 627 1426 1954 1207 88 851 1886 620 1736 836 1740 1957 1483 1133 1250 1370 1924 211 95 1936 1196 1689 483 615 130 733 1183 925 1550 1529 1584 738 1582 1683 1922 1478 393 1928 1078 231 1542 889 46 1596 265 1397 1849 983 598 1031 25 297 1904 1241 682 1722 7 1190 1609 276 449 1665 1782 1246 1489 661 1779 753 1854 949 957 1569 916 1328 1577 1271 718 572 640 1367 4 262 165 1948 491 41 716 900 327 1668 1091 1536 206 1368 318 1458 219 1945 239 1745 1197 560 533 1041 681 1019 238 1203 1598 1901 1327 904 1826 1300 1652 594 458 1235 1720 621 1082 1508 440 1570 1398 303 1832 543 220 580 1479 1573 1589 1997 1919 1201 1547 1096 329 814 1641 1932 1518 1796 1572 1580 1331 1840 1861 331 35 628 1460 1559 190 1551 1139 426 1455 113 1818 695 236 731 600 511 343 497 1504 1850 50 808 1165 40 433 1168 1074 1643 279 1903 877 1715 1847 1787 1567 1891 1040 244 637 839 510 694 645 1306 266 539 1273 1703 261 1227 1161 806 129 336 840 550 1032 216 1933 1564 200 1858 1876 1923 1173 558 307 159 1729 1166 1811 180 657 956 1900 687 225 567 105 834 659 1980 177 1146 1828 1930 321 1585 705 1748 100 1462 1189 1200 283 1966 544 1457 1929 465 1859 1670 711 648 140 1232 1362 1256 1574 1648 1990 912 1655 500 485 1076 1802 556 1437 162 1871 249 1375 1770 569 1388 650 153 534 981 1634 1359 373 1742 1075 1178 322 764 1725 1890 1702 1420 99 525 1265 752 75 1855 597 518 183 446 1363 1728 825 1095 1131 529 1692 1539 1073 1568 976 1 1158 1424 948 398 435 1685 1507 1323 1126 86 1026 1831 124 524 255 1238 482 1393 1058 1501 857 1502 475 842 1298 1951 1520 1994 709 439 1101 93 1514 1092 1599 656 931 647 1254 1714 941 107 1543 1152 109 346 1875 1768 1373 1711 1892 1435 1733 1898 1677 1827 1270 791 3 878 761 1625 728 952 772 530 591 1594 919 906 404 1085 384 1274 1389 1986 212 363 469 217 488 339 566 448 977 1225 555 849 536 1588 1813 665 493 1505 1011 1469 1337 1177 1511 629 447 1244 1614 1947 512 1097 305 1654 1548 179 1961 1617 1921 987 775 59 74 353 1414 1848 1717 77 827 133 385 79 477 855 127 16 1312 513 797 366 207 1038 1174 285 1734 646 1175 1719 1459 411 1010 134 389 1272 1421 677 1055 431 2 335 1624 1120 1134 1836 723 1213 803 223 549 988 269 277 292 48 778 259 1278 1809 47 671 1109 668 1772 1706 1915 142 984 235 314 978 779 1382 1749 1823 945 1546 1219 1812 1104 777 1846 17 150 622 1807 516 1448 84 5 356 1267 1285 1088 416 1440 1870 441 1268 215 1303 1864 1015 114 868 946 829 1468 1817 1727 1057 1239 815 1402 609 990 651 1340 82 87 590 423 905 726 214 708 630 1261 786 459 741 1027 554 1962 294 816 638 802 1999 1470 1960 222 1418 1081 740 546 1992 1185 1260 1939 167 271 1640 1800 308 684 720 1868 960 13 450 1321 962 1216 352 466 1905 1964 471 370 1815 290 39 669 1299 959 1222 1513 1193 24 499 784 195 1466 1942 344 932 1680 427 1724 1691 451 844 226 896 704 65 1909 1695 1071 920 1438 589 631 315 187 614 1834 268 1968 899 60 481 1039 476 1413 1059 436 1431 1601 1056 1210 1422 185 1843 378 1020 1853 300 1565 115 1419 1862 1151 831 1956 1687 151 1412 780 683 1544 1381 991 1981 103 1902 111 1245 1856 1684 1062 1927 1446 799 1147 425 1747 1723 194 1983 1760 1456 1630 1204 897 1934 1080 1534 1251 1528 395 1257 1867 241 1908 1017 1411 145 419 1679 608 429 612 1009 1944 1659 1048 634 172 168 1773 301 70 19 980 1034 1575 1629 785 570 272 1121 1103 409 1953 713 1911 11 1918 351 492 1486 347 1615 38 1364 562 1708 1315 73 1579 452 917 1283 527 579 1234 1667 386 1631 358 1955 1347 402 833 908 1628 1943 407 484 1000 1248 0 1906 722 1171 490 1973 1607 1998 1949 193 765 939 672 1639 1280 57 915 1070 146 1975 289 526 660 1503 639 372 1202 1987 486 673 387 1138 1305 623 1969 98 1106 1793 907 1553 924 921 1555 110 1788 66 1778 1354 121 204 927 1176 1852 94 528 909 1461 188 613 470 418 625 1889 506 169 869 1002 739 89 582 267 1443 1188 551 1820 368 6 1320 8 1814 1524 737 45 201 841 874 1194 1756 1110 359 1439 28 1801 1307 58 1335 1051 792 942 394 1394 812 746 1124 1434 454 1187 926 1452 1287 632 961 362 826 1023 1658 1586 820 1608 408 891 1108 619 568 374 360 871 403 923 557 461 148 291 299 1797 210 410 1289 898 1471 1842 473 965 523 1709 152 479 541 1444 1482 312 472 817 1325 54 158 1366 502 769 886 332 1153 383 1653 1971 464 1895 1043 1356 1281 892 1996 1067 1291 1525 1712 729 717 692 9 531 445 1600 1035 1592 670 1258 776 507 157 1195 1499 246 719 1423 1024 1762 1130 324 686 1006 56 861 675 1451 205 55 1633 678 369 256 520 78 1931 202 53 496 342 1783 1978 1940 596 170 1595 1622 1045 230 1136 1117 1950 1718 633 1386 227 1500 1894 1597 1696 42 1149 233 954 911 1293 1309 1965 80 1102 1319 424 1338 1252 1144 715 1763 1806 125 1688 901 750 1603 1935 399 92 537 154 1899 1341 354 323 1409 1167 1406 1907 667 1540 1450 838 1099 505 182 966 1561 1302 1754 455 1750 685 1769 805 1428 706 1792 68 1835 49 1789 420 132 119 288 1053 1743 34 503 1477 795 1841 1036 548 33 1613 337 1669 186 1739 856 605 232 773 1123 1072 1150 338 559 349 1118 636 29 796 1781 1989 1941 691 1605 727 1590 102 903 721 191 1343 1790 62 1465 993 1967 1704 467 714 376 1226 64 1107 1566 228 1926 997 1882 565 1744 1682 442 178 1938 679 688 14 1730 1384 561 1156 23 181 478 697 1351 166 1172 1710 982 575 823 209 1974 1819 27 1884 1651 680 1313 1521 1404 1774 1549 1578 1645 1330 884 1764 1316 280 1970 1223 1661 101 155 910 1255 1620 1066 237 1311 832 1385 432 1484 1063 607 1794 1621 783 616 1656 1242 1113 196 156 1169 1295 22 859 1995 1558 463 1771 1396 1912 843 1562 674 1314 1959 1408 1519 117 375 30 430 1537 1857 264 1029 875 864 1531 1417 198 1093 1759 794 599 1369 313 1523 1050 1636 858 1415 1701 1425 174 1626 371 813 747 552 10 955 1346 617 91 139 295 143 1642 798 1495 1746 771 1851 1946 71 996 1883 1591 51 1297 724 1672 357 163 317 654 273 522 1181 1675 487 1765 584 1914 1186 666 1985 365 610 1662 689 443 1833 1282 1637 1290 701 1737 1830 234 1008 1545 1350 135 1079 1463 44 245 1163 1958 947 1593 417 397 863 1785 730 1671 1616 1475 887 1054 700 1100 242 396 1228 696 1132 1206 118 545 456 1224 742 171 985 415 913 173 953 888 1560 1355 1492 989 986 1587 263 175 1217 972 1052 1288 480 1445 400 192 309 1028 1517 1157 1976 489 699 835 250 663 1116 1454 72 1192 1660 1881 1112 1162 390 1033 1360 1878 1005 1804 1453 1776 1004 1324 592 126 762 999 653 18 401 1515 1122 1296 1137 1326 1610 189 1164 745 1383 1761 437 392 1963 468 963 940 90 1644 1885 1860 494 1512 624 1013 1632 37 1332 1474 260 1089 123 498 1844 532 873 1488 1887 1308 1145 221 1522 1741 743 1535 1984 1464 508 514 284 1276 1220 604 26 595 1766 138 63 1077 1635 1140 1304 807 890 1753 1829 1064 176 199 690 1025 474 1757 1447 1410 1392 1612 860 381 43 1775 412 979 1808 1339 758 1917 1215 97 1014 837 257 1666 1713 144 1205 1676 1563 1767 1218 1497 1863 1148 1191 457 1405 1982 1494 974 1253 444 1897 348 1697 933 1896 768 1212 377 1516 883 1429 1705 894 1650 759 1816 334 1114 1526 112 1275 1726 1042 1003 1372 618 1481 710 104 1344 853 1979 1154 929 1377 240 1247 1349 1872 937 122 1893 754 1365 846 732 1342 958 1657 938 606 515 1758 1707 1387 1143 593 1233 819 1007 501 1795 1472 1988 270 1352 1237 626 252 1037 1619 406 247 96 571 1047 914 1266 975 1378 821 311 229 581 1068 316 1937 1046 149 1799 1179 1874 1510 1618 1049 278 1554 1869 248 583 644 1221 867 553 1084 658 108 603 254 756 1135 951 12 197 828 388 655 862 275 1993 1699 1810 293 1214 52 1977 438 1780 1693 1333 540 184 1262 1866 1557 1263 1086 120 421 1249 1509 1357 460 1487 15 1602 1496 434 943 1805 755 1021 1083 1353 1991 736 1374 1476 995 330 1663 1581 573 642 895 881 141 992 934 319 1441 751 1910 282 585 588 1170 85 611 1533 32 893 1673 950 306 1571 1552 1491 1336 766 810 578 1236 1012 763 1686 702 76 1391 790 517 304 1972 781 67 602 643 302 922 1301 1329 1243 564 1674 1865 1128 928 1430 870 664 1838 1090 542 1532 1716 405 563 36 800 164 1105 380 31 1877 879 224 830 1538 854 1018 333 847 495 296 1735 1001 788 1198 1467 1786 1627 770 1141 880 964 21 328 208 1541 822 350 1407 364 574 1798 326 428 136 735 340 1530 1264 345 1317 61 1784 1752 287 1199 866 203 1286 462 147 1229 749 535 1403 801 1825 137 258 789 586 298 1030 1416 1016 379 1098 1638 1127 1920 1279 1401 382 1294 1837 1184 994 81 1721 1442 1180 83 1182 1839 576 707 274 882 414 1913 971 1259 865 1738 1845 1211 787 1611 1427 804 782 809 902 1925 1379 848 1649 725 1208 131 547 1498 1916 1822 744 767 1240 325 1433 601 1821 1142 253 1087 760
sa;2opt;2500;35807;173.354256244;2859758;1906 639 1435 14 1207 2105 830 973 533 2190 1802 200 88 50 1190 1375 323 756 2324 932 1187 365 1751 648 1494 1165 2072 2431 1904 125 321 852 878 351 93 709 1605 1846 233 392 337 2456 231 2226 478 426 1848 1707 1581 849 1006 1985 743 2488 1522 1082 239 133 1977 515 2426 1761 2315 1152 483 703 376 980 124 1433 998 966 1364 1170 2409 2353 879 2249 2489 629 605 1277 236 636 1837 899 2068 119 512 1613 1606 2293 1787 170 382 2316 1734 561 42 1733 1456 1303 1779 1472 1712 1960 145 1956 755 563 2000 182 2296 138 244 240 2304 1662 1145 82 525 595 2346 1746 927 1780 2396 2113 2019 84 5 1873 491 1469 1263 1168 158 2465 55 484 1449 1274 1726 1900 923 1710 1137 1524 1357 685 983 1483 1700 1886 1585 1147 1 37 1384 621 162 344 1072 939 1566 228 245 10 1045 597 2437 722 439 2163 260 902 472 1417 1426 1074 2034 497 234 1874 2341 1334 816 1222 1644 1833 1344 745 1129 1064 2328 1909 1756 864 1200 1880 2430 166 1666 345 2005 2466 1764 618 2368 2049 1106 892 576 798 1143 1636 1367 2160 737 1227 2257 620 1806 146 2048 1786 701 1921 1185 470 584 350 2401 1696 1154 2022 1554 571 2282 843 590 1398 1542 1672 2319 141 1629 81 2117 2390 469 1182 2 1948 154 1450 434 1440 1641 1732 1136 1336 1354 1432 1016 823 462 632 143 1094 604 385 2070 1193 834 2003 1192 1179 2441 1286 2403 2172 862 1480 327 961 1865 1290 916 1671 2116 1400 2118 1321 981 662 356 1413 1964 1789 1339 2402 2277 77 1701 838 28 2152 35 2468 2244 2199 1550 1402 66 489 1850 130 680 476 1029 564 1916 1484 1721 1363 487 54 1573 971 1853 712 268 1980 713 2349 612 2143 999 1546 433 742 1314 1031 1057 1107 1571 1224 1247 1912 2084 2416 1077 1997 2200 1545 579 1385 1470 1177 2480 733 1475 2156 2250 721 805 598 926 1242 1135 986 967 326 1861 1514 585 2379 997 2440 781 131 1022 1024 1529 1008 1268 1291 1189 1349 2372 1488 499 2320 220 128 1922 1577 1784 1360 300 1422 2223 2043 1430 1926 1219 2137 1012 1596 2400 2112 833 2212 2073 2180 1056 2420 1818 2377 352 1568 2302 1281 1694 631 2240 2361 2141 908 814 1075 1947 2078 2227 1485 51 1338 602 1765 2033 1919 818 799 149 1258 2233 183 1738 2237 1191 2422 958 1102 572 1390 257 1857 1439 673 2011 1055 1809 1324 1760 575 541 2475 1661 307 1079 1858 785 858 1724 19 570 122 1424 2303 1340 1815 1965 656 1115 2042 1141 1300 1427 1503 1101 2189 303 417 760 225 2047 1852 391 1551 2435 2067 1758 555 1198 1622 159 1041 466 989 1690 1042 2030 1782 136 949 2016 783 1924 2171 315 2197 1950 1804 517 410 1195 2406 1080 649 804 1768 112 956 1646 1438 1843 946 452 467 1887 1633 1870 1493 1437 1998 1706 2202 1169 974 1269 2375 948 1366 1085 857 1309 933 1817 1283 1326 89 786 219 1069 676 559 867 2075 2421 1987 803 963 250 1583 1604 729 451 48 2288 2248 437 1296 1202 1961 1209 1352 330 1004 2449 1988 1093 2216 358 1840 1458 2107 657 459 1927 1112 1010 540 1923 1293 2146 264 1587 3 75 1970 710 2031 2443 249 2093 85 2389 1564 577 25 2132 586 404 2050 1689 839 1279 573 1918 547 1036 285 1294 1540 2104 1319 253 1759 587 2254 1523 2148 2345 1122 1518 30 2241 653 1266 339 1110 1489 1754 545 977 529 455 746 282 872 1747 1153 375 2231 2474 342 1387 844 608 2062 238 23 542 807 473 1769 1603 1593 790 1792 2123 641 539 1674 2262 1914 1527 1249 778 1639 140 1063 2167 2028 752 1176 987 2294 1814 2337 594 442 36 460 1725 613 1911 1050 111 1492 1699 1821 1836 1332 942 875 1131 652 153 2357 1959 1441 1341 2235 2385 1318 18 1962 2139 471 815 651 74 764 766 2251 767 556 1549 212 1148 1834 115 1066 647 2267 2193 985 1301 524 2287 1368 406 173 1098 883 828 2271 1757 1124 955 1536 765 79 1903 102 2255 22 1718 1351 2459 2053 1180 592 164 1226 498 882 1157 1092 1828 1070 2007 2044 749 1348 0 1849 1482 1231 167 1111 169 2134 679 1232 1395 536 1419 1013 1436 623 863 1752 1062 2086 1014 1881 1011 1362 889 1931 1854 1579 901 1844 274 61 1284 1052 1621 2486 1945 195 262 1902 847 2100 2111 898 1356 1295 1127 1223 714 422 1966 1358 411 1750 243 2325 302 49 526 2201 1727 1533 1941 1781 2348 2448 2483 99 2309 222 418 1262 2065 689 1474 1829 2096 1728 1584 1431 2484 776 226 664 1963 1230 1007 715 891 1556 2243 1415 719 1428 43 2094 2247 655 1929 221 936 1463 735 1320 1978 435 1194 275 373 2418 360 2404 633 1418 560 359 672 725 456 1261 272 1946 324 850 990 1517 2225 2260 414 915 1785 24 1051 429 1800 548 1201 1890 490 1175 2052 880 65 504 29 1345 1790 1323 1500 1871 269 157 1862 1086 2354 2115 2429 1720 255 1099 2307 1679 1808 1630 1365 1374 659 704 1473 1181 21 684 2114 1705 532 692 1783 1772 2220 2025 332 2268 682 175 338 1981 1715 492 1589 2463 457 846 1095 591 1939 947 1299 190 52 1278 369 650 495 589 802 135 578 2015 616 347 1986 261 363 90 83 2394 506 552 2038 331 1957 1709 1337 1743 477 1791 1091 538 349 2183 1570 711 409 1538 1555 2083 2327 2414 386 979 1575 168 97 1214 2412 134 389 56 1885 773 661 2174 474 2423 1558 1282 402 1130 1369 2238 1745 319 251 2230 292 318 964 1569 1944 2297 1600 1968 431 1478 2150 739 2032 2492 1459 812 2138 278 2300 2097 2470 1113 1695 216 640 841 1215 1608 1899 486 2356 194 187 202 1088 1467 496 1940 1755 2295 2370 696 1544 230 688 2080 2085 1116 885 333 1216 873 603 174 1652 1708 144 2387 1208 1620 962 1594 1796 836 341 420 1297 950 1892 2013 1543 26 912 1648 399 1447 1156 1100 2331 1897 1451 287 20 599 2408 1203 400 1302 1078 1984 771 1872 1285 252 1811 1361 2305 1995 2055 2130 62 924 380 2453 1511 835 740 925 1234 510 1928 2326 897 1771 519 1160 1588 1237 1059 1896 2497 148 1254 904 837 2393 853 1827 530 2181 2460 794 801 1380 1210 1205 2274 1967 1704 2308 204 1377 2446 896 911 726 423 388 2391 1446 502 1298 996 247 1702 27 1292 523 965 1017 1952 206 2252 1519 1073 580 1289 210 1610 1597 1404 2188 890 1397 1197 2445 1121 1510 142 381 943 38 408 2276 2273 336 1835 1023 428 2490 1288 70 1657 678 2036 33 1513 1386 2173 1149 940 1009 2182 2218 1174 72 1976 829 1766 2491 1481 2091 1716 1803 2008 1506 601 301 1307 1845 2119 2479 2411 370 2311 440 2157 2323 1139 1245 645 86 568 2380 782 1748 903 176 606 1382 232 1053 1816 2376 842 1370 748 1065 2410 1866 181 2329 2203 1313 47 171 242 1619 2384 895 1687 2280 1614 2334 1810 2089 1317 493 2381 1667 2232 129 1035 751 1737 1655 920 1825 1561 68 775 188 1823 1841 438 1383 716 2432 248 1735 104 118 982 951 1146 674 513 488 1617 1229 1118 1271 2343 1659 1898 1819 1330 824 1465 1408 2434 881 1729 670 1651 1315 1276 468 2131 2444 1691 2359 1280 1159 2371 1504 396 177 1448 553 1173 1109 2473 871 449 445 2425 2155 671 401 87 1445 1516 1599 2442 2340 2382 291 2175 2088 919 813 1328 551 2208 98 2269 2291 1607 747 695 371 2455 1117 1491 1642 2261 2099 2339 634 394 2482 1316 1574 809 1306 53 624 744 1068 1842 1697 1673 2210 848 663 229 2283 1372 501 1951 482 463 787 1186 427 432 905 2021 1155 894 558 1410 2427 607 1692 328 1225 757 421 9 1618 505 1990 1864 2383 1799 2374 1763 1235 792 1877 197 310 543 1040 184 1860 101 1389 2213 2253 2101 110 57 761 1058 1991 2438 1164 953 1401 528 1221 522 317 147 1801 2211 665 387 1910 593 297 507 1930 364 1777 1378 254 2317 1888 453 1813 73 779 1061 1081 132 611 2204 1183 1228 1683 120 1054 730 17 1001 100 2020 876 1003 2077 1199 1935 58 2064 969 1624 1831 1312 1212 954 280 2266 2258 290 1744 7 1832 397 2128 2419 535 95 1444 1767 2245 214 534 1496 886 1163 610 1373 960 1371 2004 2051 1627 1591 1033 1993 237 694 2024 2413 1471 1526 2057 1032 377 1839 1090 1103 1521 531 705 69 108 299 675 1615 777 34 241 976 754 259 1327 763 1559 600 218 305 1612 2185 311 614 1497 1955 1067 900 957 518 1244 1553 1252 1310 2154 2292 1884 2263 1486 1490 913 780 1934 825 1974 430 2481 544 2236 2206 1265 1905 2221 1631 907 638 2178 2010 2127 2229 1509 1547 1508 642 361 213 1167 2196 207 1889 1714 1681 465 2012 1460 1592 1158 1120 2037 514 446 1342 753 582 306 1429 1259 537 314 1580 39 2355 2106 945 1132 1879 1994 1071 1530 2191 1868 461 503 161 348 854 355 1643 2239 826 1025 1822 1260 1794 1502 1240 407 1925 2301 1901 1576 1719 683 1083 784 1343 2313 521 2095 860 1989 1932 2061 2198 1104 1250 1749 366 1770 2103 1992 1060 1638 1572 1717 2058 677 2074 15 2344 1505 1248 1645 256 1795 851 1807 1824 1628 186 1499 2079 1119 265 1046 215 2335 793 2192 2009 2373 419 76 2087 1461 928 1969 2060 1452 2417 2275 1797 1399 1736 1548 1582 2272 1678 2399 1355 412 1567 731 1468 2214 1421 1391 199 2464 40 1534 2018 1264 2364 322 893 1253 1138 1663 258 2447 279 627 44 581 295 1528 2145 1142 1640 424 2436 2342 888 1213 827 2153 1331 1675 1537 2224 2439 856 31 2407 1731 63 372 106 1233 1775 1917 320 666 343 832 479 562 2433 2166 2405 447 1021 1047 294 379 720 45 774 2039 1376 2179 2098 309 2165 107 795 1958 1412 565 2246 1243 654 283 1609 817 1656 1241 2278 707 557 1359 681 4 395 2242 8 859 718 2472 235 1304 1856 952 2056 1753 588 2090 362 1878 277 865 1623 1457 450 993 1682 415 384 1975 1000 2195 820 2102 1820 717 2362 198 1915 1097 444 1434 2494 1693 2366 819 772 1087 393 114 263 2041 869 1114 1847 1188 121 1670 759 930 2081 2069 448 1938 1409 1089 975 797 46 1859 224 845 2149 1943 436 668 988 811 2312 2136 1246 246 2159 2477 2493 1108 1973 1552 1867 736 626 12 2177 2289 2092 1218 1515 2360 1560 1335 1851 1381 511 1722 2424 769 2498 972 806 403 1347 1479 1184 922 1601 270 105 1329 1018 2386 1044 691 64 1740 179 1658 2338 994 520 660 2363 2135 357 116 1002 2398 1937 546 1875 481 1535 1869 732 1123 1983 934 494 1096 800 2006 959 1647 196 1742 16 1256 1162 1015 1774 1462 2046 2388 2023 2001 1392 978 1255 2428 646 308 810 1883 1676 706 2499 1562 2054 293 367 2126 335 298 788 2027 2332 329 266 480 992 968 2215 724 178 441 554 700 2285 1598 2168 1454 2487 11 2330 2310 1305 1680 1027 1487 868 929 1140 1863 2333 2147 151 1204 796 390 762 831 1134 667 413 2279 1611 1020 117 2298 2122 2063 1637 609 193 549 1217 405 281 702 211 1416 1238 921 1882 1688 1713 770 1476 2082 1632 313 1616 768 1595 191 354 1590 1407 60 734 991 316 1275 2133 1005 1933 1788 209 1423 574 113 2318 758 970 1830 2450 914 508 1128 1037 1826 937 1586 346 1876 1350 1739 2270 2129 1635 304 1895 1498 622 1626 2392 1403 1531 1388 2351 2476 1411 1043 2352 1996 669 2176 1512 2471 1539 205 2321 887 227 1812 1150 2219 2158 2151 32 2209 443 1669 1541 2144 2314 2217 1971 2017 150 2228 2108 2369 1026 1267 690 1466 425 1311 180 78 1954 2462 1353 2367 1379 1698 1393 1953 687 2045 1161 1144 698 1653 527 2485 340 96 91 866 2161 2365 1703 1406 2071 2350 1443 917 1030 416 2234 80 1625 1685 941 2120 217 2014 791 1405 1723 1778 2478 1171 2451 1239 1578 2109 374 2347 1453 727 1730 458 658 94 708 1677 208 699 1665 1455 822 874 1972 1206 1894 1151 630 1420 103 1178 1325 1251 368 1308 1034 1125 271 2187 1838 378 741 821 1287 738 2358 1563 1477 1048 643 1602 1805 2322 2026 2059 1684 984 2457 2415 1396 2164 1634 789 2142 1084 855 312 2264 2207 995 165 1394 185 1982 1172 1257 296 2076 92 2194 931 1798 2299 516 126 6 1028 1507 910 109 877 1133 723 1949 1333 583 619 1979 918 1273 454 2169 485 1942 635 944 189 1893 500 1762 2495 273 137 2029 693 1913 569 909 59 276 1660 2124 1891 1270 2378 686 1711 172 2336 2306 2186 41 728 2496 475 286 1019 383 615 123 628 2281 1520 1741 267 1649 1793 637 289 1211 1907 2397 566 325 596 2184 1686 192 567 2162 1126 1166 1654 1049 1425 2458 2395 2125 398 13 2222 2002 2205 1196 127 550 1525 1501 1855 1414 750 353 1668 1773 155 935 223 2265 861 1495 2259 617 1650 870 808 1664 1464 2290 1442 71 1272 464 201 1039 1076 1999 156 139 884 1236 2286 160 1105 2461 2284 644 2467 625 67 2469 2170 509 2452 1220 2066 2110 2121 1038 284 697 1557 152 840 2454 938 334 1532 1346 2256 2140 1565 203 2035 2040 1776 906 1936 288 163 1322 1908 1920
sa;2opt;3000;23795;59.552743022;766581;633 2905 1477 1811 1819 383 2956 2072 2834 2243 955 726 919 1483 2636 2551 1612 2594 1076 1492 1117 2851 2087 1837 2414 426 2711 2497 2799 2660 133 1367 2634 679 269 2203 209 2147 2373 2165 2278 2231 1358 1596 1772 1121 545 715 669 2836 2487 1624 1827 1174 474 469 2582 2047 612 2962 1703 2320 2537 384 2038 2258 2597 326 1523 1843 897 1312 2872 1748 1550 2340 1506 1666 2727 1237 1796 2830 1818 1729 2858 120 1123 2509 734 1918 678 1264 2431 1822 1536 1779 1204 2571 1410 639 72 2674 1766 2870 854 2386 84 1448 948 2740 2648 74 177 2146 456 2 1761 501 1894 1282 1922 2943 2176 2009 2182 428 277 2888 463 6 320 1166 1329 1014 851 1719 2457 1042 378 1957 281 2393 2963 2643 2385 2159 1418 2030 1388 1568 2453 2144 583 1333 2894 2200 2535 224 2215 2918 1432 125 341 214 723 1129 1141 121 437 248 1106 2339 321 8 1278 662 114 968 2729 516 2201 15 2644 1633 1770 2402 1010 2955 286 2452 485 903 473 449 892 2304 2485 1018 1244 1178 138 2341 703 131 629 1212 2081 1122 2251 1464 1782 692 1978 1935 1975 1384 2824 2960 13 810 966 2432 1565 1233 1891 2093 165 2601 1085 886 2692 893 1097 2944 2818 2667 218 2932 982 2940 2357 1370 1179 1476 550 2089 582 1962 2065 2987 983 194 1167 325 4 75 2988 430 127 1157 1126 746 2238 1738 714 651 2747 1566 1692 2815 1847 288 2862 1327 2464 21 408 350 546 719 2343 848 2768 373 660 2524 1814 1371 274 2539 885 645 2792 2508 743 344 1926 1848 1516 1771 1934 1394 49 1673 1205 532 2587 1197 837 566 2115 1346 2530 1240 1674 2775 924 2913 2584 2104 1930 1856 1813 691 1044 820 2640 1035 2817 1252 1135 1525 66 778 201 548 1576 1043 2073 466 179 2265 2060 644 110 1103 1454 2169 1196 562 300 2726 2255 2720 208 2847 2156 2803 7 524 2031 1676 2966 2170 1047 256 754 1496 323 1685 1985 1110 2555 1503 2639 1594 385 1408 1080 1976 357 1297 1844 1577 1833 2112 2344 1002 2041 858 2287 2774 768 1258 1137 2519 916 2328 302 2763 535 1553 1997 2332 1861 2480 2498 945 1239 894 791 2510 225 853 900 844 1378 2641 2857 2486 1494 2723 2443 2398 890 1936 2482 2312 1411 1268 2604 2985 2593 1724 1561 2171 2004 81 722 1701 920 1896 1457 2878 1989 1349 117 2722 511 2684 2206 2007 333 2227 2198 879 819 2233 1149 1980 2780 2662 1356 295 1578 1160 1313 368 1696 1081 2561 2759 2053 1653 1720 2743 2368 2077 2827 2330 2520 2596 1940 1825 2489 2616 2663 2331 262 241 704 2973 2630 182 2628 1650 242 1118 1159 2329 1001 519 1744 578 974 731 465 655 2557 38 1971 260 461 1098 2390 50 2133 2048 2646 807 2606 610 2105 380 1200 2562 2122 2020 1797 2682 1564 2106 2693 2367 239 693 109 64 257 2796 593 1220 1557 389 1781 1571 1993 1094 1683 1707 808 2034 635 2938 1270 391 1352 2954 2382 1437 361 1592 632 1272 2805 79 683 434 237 229 1795 1750 1672 2253 905 1248 852 1780 2563 708 757 1325 816 2581 614 1365 139 2091 1307 455 1034 531 2437 460 91 542 2637 2075 711 1801 979 228 986 773 2350 721 2235 2861 1497 1314 2462 1529 857 22 2362 222 293 1823 1736 1805 2143 324 1462 2897 2204 1725 759 1 1292 540 960 1328 2269 941 191 1007 2427 871 2715 98 764 2196 1625 185 1260 439 2163 1839 978 1537 628 108 1136 247 332 843 2782 1646 1023 787 1665 1911 2850 821 1337 1743 1391 62 2556 859 372 2292 2776 246 2140 1527 1937 1431 602 529 970 2899 571 1849 563 1235 717 2543 1895 1171 284 1353 2849 1434 1267 1869 2725 2689 2211 1581 2741 1348 1832 1607 1102 2840 34 2018 176 733 549 1606 2990 315 454 1517 1447 831 2275 2110 1621 2884 2917 758 2649 881 2229 2083 668 990 1175 1037 149 1070 498 2505 2158 1422 2210 2056 1395 1949 2268 904 2514 2769 1104 2184 46 2859 2764 397 1154 441 2267 2724 1702 2228 362 3 159 2307 388 2626 446 183 2745 1920 83 619 175 2394 2019 804 1453 1741 476 2681 1049 577 258 2788 111 530 933 2214 33 755 1842 1747 1890 2650 744 2737 151 1810 663 1475 951 112 607 2381 287 2318 883 608 1679 696 1627 2717 568 313 163 863 221 1131 1013 1655 752 1256 1520 2071 1406 2808 1597 1203 2428 1615 913 906 520 0 2839 445 1213 888 1396 2299 1214 462 100 1421 14 1470 1661 363 1414 579 2645 1956 1398 2216 2068 835 2844 375 2148 2291 2123 2887 1158 1310 334 1032 2732 376 2188 1713 667 1234 2061 1982 124 2395 2160 2632 400 567 732 2157 2513 2240 2675 1760 887 2003 1603 1170 278 2138 1634 2981 2129 1471 1192 1387 2095 2591 359 472 1689 2167 1952 1816 1294 688 2589 1409 1855 412 2100 1156 311 470 1017 2321 930 2576 236 856 2430 1931 2209 499 2546 2678 604 2750 2664 1979 976 2558 2442 2208 999 1870 1601 2172 2756 226 2366 188 1324 572 1440 1998 1068 2501 763 745 10 1714 518 2559 2173 2976 907 677 922 202 56 251 2327 1555 2478 2039 747 977 1281 1865 2360 2560 706 2079 2731 2728 1303 2734 2286 479 289 1208 1100 1064 2226 97 216 2028 2619 1872 2771 1393 73 2564 1009 1960 1242 494 1336 264 31 267 2541 2526 2161 2098 1677 1458 1884 1974 2837 2294 2097 2220 2263 36 1963 2425 2219 620 2037 1350 489 2804 1608 2998 1060 652 631 2316 2435 343 2930 339 1112 2054 1441 1640 172 166 2794 760 2783 192 2179 2947 2841 2308 772 377 2874 1173 1541 1199 310 1424 2444 1184 2282 32 1893 2408 2931 1082 1551 2950 1905 1777 2088 2416 2656 1574 2364 2672 1016 126 103 1950 2222 753 2309 961 658 1913 68 1290 283 2467 118 2284 1521 390 1285 1390 971 1569 769 509 2455 2224 1397 2802 285 347 1727 1631 1392 1501 839 290 2468 141 1522 1656 1305 87 1759 1449 965 156 215 507 685 876 2679 539 189 245 1300 309 697 1291 1472 219 1259 305 1217 2023 1360 756 1467 588 2272 1456 2324 785 1611 1954 1230 173 630 2908 695 193 2507 1955 2311 1176 2315 235 928 1942 1488 2945 2479 503 824 1309 597 2855 2086 1443 2361 331 2139 964 1069 2213 1161 1868 751 648 1715 1584 67 2469 1153 122 2778 1510 1927 1803 448 1757 271 1487 2527 2953 735 39 1286 1075 1794 414 351 2574 484 957 2451 2397 795 1513 2135 1961 96 2051 417 625 2162 2534 1031 838 1589 457 1946 2992 2103 1902 611 709 1105 1145 643 707 495 834 1107 2779 1806 129 1054 1011 991 1072 1788 1981 1446 2046 265 1579 525 2739 453 950 1306 99 823 1373 5 1084 2137 316 275 573 541 2492 1817 1883 2605 2250 2798 335 1917 1452 1953 1774 1698 2221 762 2383 435 2456 438 2686 1071 2109 1128 1508 2696 793 2629 1863 2471 1528 2496 1668 2102 227 2317 557 2907 27 989 736 243 855 724 698 866 2237 493 1767 2598 2977 2809 2295 1057 2217 1254 798 2742 1276 2748 2421 2099 2461 2377 2114 1994 1021 2812 1965 1866 2687 1970 381 2057 280 35 601 2670 2694 2242 1972 2092 1004 618 2929 622 1354 2810 2869 998 1991 508 2150 830 301 1875 2617 1879 28 1828 510 26 220 348 2939 2117 832 2040 1669 1236 1067 1939 1463 790 2298 576 1416 2538 581 2345 2828 1074 1784 1052 1442 2178 2875 1459 1790 1096 1887 1005 2388 638 407 458 2420 674 1415 1338 2881 796 1484 940 2218 2814 1876 980 2354 681 2515 1882 2580 11 1726 2866 515 771 1330 374 2569 595 1846 366 1134 1514 2313 1055 1269 963 750 921 1482 1296 1058 1686 2458 2419 2423 801 2659 2511 949 2494 1560 1263 425 701 1857 502 298 1164 1591 981 2991 47 598 958 158 649 2152 1853 2027 1187 1209 186 2475 53 1785 2882 2516 1580 942 94 1450 1304 2120 1850 2719 2369 2523 1087 1232 1990 1344 197 1900 1966 78 1481 2766 1943 43 2189 1086 210 705 670 259 419 169 2994 2934 2450 2067 2015 1614 2789 2848 1552 1404 877 1109 554 95 846 1586 1507 2528 252 1559 2190 1302 1400 923 478 1764 2784 1038 1221 142 2821 2378 2180 2241 386 306 1376 1834 2076 2448 1809 617 250 382 1334 2399 1219 1224 2880 1474 1898 205 2260 1712 2833 30 672 862 2288 2536 2588 37 2036 1593 2926 2707 1283 902 1050 2411 1618 737 882 168 2125 1716 1845 1728 973 40 1359 394 58 336 2661 1228 2108 1649 1623 1207 1605 1897 1964 1708 1558 20 1287 868 739 403 2187 2733 1194 2045 551 24 238 1545 2484 1407 268 947 1682 2185 659 811 355 1143 19 2491 1216 1262 54 2417 2376 2914 1345 1246 1099 2995 775 137 2972 993 1910 1599 1831 2904 2090 675 1616 2898 2683 23 2422 828 2021 587 2033 865 85 2384 895 2271 322 1734 1812 2786 1189 200 564 2957 2893 2017 1150 738 1308 436 606 367 2927 615 878 934 1502 1266 2983 2412 1116 547 1183 2254 2941 2614 263 1694 2483 2961 2476 657 2078 2751 603 404 925 2816 1723 1798 431 687 2252 2852 1973 2607 358 1840 249 2449 1660 1218 2012 1881 2965 1924 1019 1968 1903 1907 1341 2611 353 1499 1277 1562 1554 700 1802 1626 779 1111 2744 767 1088 2627 2800 2164 911 1789 254 152 653 63 1320 135 917 1969 2819 1824 850 2703 1366 1202 1182 2633 742 1659 1804 427 2567 1489 2447 1226 2710 157 2762 2997 101 2351 2906 464 2248 956 1754 2831 556 2342 2141 1909 48 2116 411 1858 349 799 2111 2846 379 720 2459 41 2986 1836 2532 2785 2921 2008 2212 2202 931 2901 29 1755 1595 766 2465 741 2547 1036 522 1572 2832 1637 2671 1987 2014 1389 1372 2835 1904 1383 2916 872 1699 2665 2791 2234 2130 342 822 624 223 1133 2545 2676 1000 1426 1617 1988 488 2197 1139 1860 1684 2084 944 1635 161 57 1768 2911 2885 1026 1247 2245 1885 1758 2439 2752 537 2826 2968 1773 1210 1984 2436 1752 443 1721 2261 1610 2326 2980 71 154 1783 2540 1959 1662 2207 2623 1544 1490 833 716 1191 1530 2565 2721 2668 292 1486 2374 1515 116 2154 2958 452 2415 2145 748 1227 387 1280 180 1177 861 2978 2166 352 354 1526 483 1700 364 2410 2310 512 2638 365 2433 2352 2677 2403 1347 2610 61 784 1511 2306 654 2583 1642 2967 985 2205 270 1301 2346 2622 482 2618 2035 1628 93 1864 558 2701 623 2232 2952 1193 2915 2223 2651 2712 2441 2440 781 1093 584 1622 783 580 1629 1582 1293 937 1460 2359 718 528 2279 418 1222 959 2042 1340 2225 1769 710 880 946 2806 2695 195 1469 2266 328 2192 1417 2082 621 253 1923 2735 2029 2025 106 2813 782 2691 1089 338 2521 405 1532 1095 104 2982 2175 211 514 2586 2131 432 317 2194 1251 1225 2730 1859 1792 2669 2738 676 69 2573 666 2186 994 2168 2454 2599 500 2195 2174 2473 307 2066 1127 1012 637 1493 505 9 1006 115 1380 1430 1045 2924 2829 2777 2845 2989 1765 2713 1172 468 1705 420 1539 2621 2883 184 1540 1733 869 1695 2758 2277 2274 1101 2151 2900 849 2647 2925 2971 1495 1746 1636 1829 640 1807 504 2974 2062 1967 1799 2631 2797 2121 702 1671 680 1335 926 1491 128 406 370 2685 592 2595 1808 1090 2191 686 891 199 261 266 2688 1873 490 975 1468 2305 2666 1697 1008 234 167 153 1534 2716 65 2578 240 561 1364 1466 422 2230 2753 1428 1368 1509 433 1046 2474 840 2876 143 2392 1151 1245 559 2396 231 1078 105 1130 673 2790 1413 1693 2406 609 1504 244 2860 600 230 187 395 800 1439 2380 2389 1739 1147 2470 2772 526 1412 1958 52 2590 171 369 952 2059 2074 2697 1791 845 2909 1451 136 2653 1148 1115 2807 599 1092 2919 594 596 2445 1800 694 1925 2273 2280 1211 2032 1533 1342 1461 2005 2322 2765 1039 1901 953 664 1570 396 2658 1201 1480 17 150 1405 2094 2043 2979 2413 1658 2529 132 1899 2760 2409 2969 842 729 552 1567 1066 148 2568 2334 2319 272 2300 2337 356 2822 2495 2063 1198 2177 2405 2365 2002 2613 337 1793 2270 827 1332 513 1704 1547 912 992 480 1108 1429 144 2477 2757 2358 2838 788 2525 826 1654 1375 1029 1077 1941 2503 345 2853 1079 1763 1374 2550 988 2552 589 2126 410 2006 780 786 89 817 2942 1083 475 1652 319 360 2506 2085 1740 1742 574 1113 1056 1382 402 2620 1681 2714 51 1862 86 459 399 1947 2283 2463 303 1231 1585 1549 1498 1155 2438 392 442 1688 2577 1583 1604 2404 2793 1062 2575 102 1144 1538 1091 297 1399 1323 1427 2865 255 565 2499 1255 424 1590 279 491 2050 2181 1675 1331 312 776 92 1587 987 203 813 2336 492 2355 713 536 206 836 1835 829 1425 1273 2472 616 18 2922 1996 712 1854 2579 1119 233 544 1680 16 2773 155 1929 534 2566 55 486 2512 1600 2297 25 1229 2493 1928 2890 1479 2856 1289 1762 2372 198 1826 962 1274 1709 2825 1598 450 174 1003 815 2700 1786 147 415 908 914 1630 1983 447 521 2285 1377 929 2466 1878 2570 1041 45 2531 2257 1867 1311 2142 140 1639 2718 789 634 80 1275 2058 2400 1756 909 1357 304 2052 1575 2787 217 1620 1065 1548 82 1125 932 1326 936 2843 2323 2055 1678 2387 1886 1238 2946 2504 330 1243 1423 471 2153 2903 2920 1379 2652 1641 178 2554 730 2199 1632 1419 2407 2259 77 777 2101 2155 671 2951 12 2770 627 1249 2522 1162 1841 2262 867 2136 1730 2426 477 538 2193 2239 1745 1986 1644 2842 1020 2379 2553 444 2892 847 70 1500 1851 1028 2655 899 1977 690 1361 1053 699 2704 1030 2533 204 346 506 2011 939 2026 2936 812 650 1369 1732 1040 1351 1912 792 1169 2460 1921 1753 2113 1519 190 2657 416 997 1880 318 873 2600 1706 1033 2549 409 1319 870 308 2264 2096 2854 213 2429 901 1401 1906 682 2353 591 727 2333 2999 2910 814 575 2256 1295 1063 2572 1687 1588 1355 2801 1339 2289 2069 1288 570 1299 113 1317 2937 1546 1944 2024 2754 915 527 2000 1265 841 2948 1132 1613 938 2923 1916 314 954 1951 1027 2680 2625 1731 889 429 2886 765 1478 496 2970 2348 2500 1165 1485 884 164 2867 327 996 2755 1298 2281 1892 1563 2635 967 1999 1061 1535 647 2356 2107 1271 2585 1690 76 2702 1914 296 2873 467 1140 2642 2325 1433 910 1261 818 809 1438 2347 487 590 2424 1402 995 1838 2871 1542 533 1215 1647 2933 2314 90 1737 560 1120 2708 1142 806 145 689 107 927 684 665 146 421 2863 371 1444 802 1645 2959 2446 1322 797 2795 2502 291 299 282 1473 1465 1181 423 1710 2912 1648 2013 898 2705 1015 1152 2246 2928 440 1257 2767 2949 2434 1874 1403 413 2699 1751 398 605 2363 212 770 543 1186 1711 2132 2391 860 2183 2548 1663 1138 276 1316 1933 749 1775 1948 2879 1995 1619 162 2247 805 1667 2706 1543 2698 2370 825 774 1321 896 2761 123 586 1188 2781 2127 1223 1778 555 451 2602 1024 1051 2293 2820 2010 2984 1664 1022 761 2517 2877 1318 2902 1505 2303 984 1749 2709 803 393 2064 1821 1445 2276 2654 1385 170 2964 294 481 2044 2236 613 1195 794 523 1168 2895 1830 642 2690 1315 740 1455 1279 2149 1343 1871 2302 1531 2290 2481 60 646 1386 1163 2128 1284 2542 1776 2615 196 943 969 2864 875 864 1670 2592 2609 340 1815 2371 1888 1945 2349 119 2889 207 88 1253 1602 2022 1059 1512 2746 1124 1524 181 329 935 2603 1717 2612 1852 1025 1691 2823 2134 130 2935 874 656 2993 59 1436 1638 636 1718 1651 2001 918 1435 1190 2338 1877 2544 2891 517 2975 626 1735 2673 1919 1932 1185 2608 2624 1609 1889 1206 2896 273 2868 2301 972 2418 2249 1573 1420 1787 497 2518 1915 2996 1114 2749 1250 134 1556 1241 1180 232 553 1381 1820 2488 585 2296 641 2119 2490 1146 2070 1657 1362 1938 401 569 1073 42 1518 2736 1643 1048 2118 2244 160 2375 2049 2080 2401 1908 725 2811 728 2124 2016 2335 1992 1363 44 661 1722
